node,frequency,degree
"深部咸水层",16,8
"技术方法",17,8
"计划项目",6,6
"环境与资源学院",2,2
"河北",22,12
"保定",6,6
"北京",25,16
"吉林",63,26
"长春",21,9
"计划",12,8
"内蒙古",186,39
"鄂尔多斯",191,56
"伊金霍洛旗",4,2
"神华集",17,6
"团合作，",10,3
"团合作，在内蒙古鄂尔",2,2
"中国地质调查局水",1,1
"神华集团合作，在",4,2
"神华",1,1
"神华集团",3,2
"神华集团合作，",3,2
"探工程",1,1
"这些目标靶区",2,2
"这些目标靶区分布在个盆地",2,2
"范 霍",2,1
" 鄂尔多",26,8
"术体",2,1
"术体系，可",7,1
"些目标靶区分",4,1
" 图 松辽盆地二",2,1
"松辽盆地二",2,1
"目标",6,1
"目标靶区分布",1,1
"氧化碳地质储存示范工程",6,2
" 通过",2,1
"高了对",2,1
"多斯深部咸",9,3
"了对鄂尔",20,2
"通过",34,8
"提高了对",10,2
"提高了对鄂尔多斯深",2,1
"了对",1,1
"氧化碳地质储存选址和灌注工程",3,3
"和鄂尔多斯盆地等典型地区",2,2
"二氧化",13,10
"过 多光谱",1,1
"技术方法体系，",5,2
"技术方法体",6,2
"术方法体",1,1
"构建出综合",2,1
"在构建区",1,1
"在构建区域级盆地",1,1
"（）集成创",1,1
"、示",1,1
"建区",7,3
"区域",5,2
"织实",2,2
"上，结合",3,2
"建区域",2,2
"构建",3,1
"二氧化碳地质储存技术",2,1
"储存",3,2
"究领域",1,1
"升 了我国二氧化",1,1
" 目建",1,1
"部分项目",1,1
"部分项目成果已被中国华能集团",1,1
"项目成",7,3
"分项目成",4,1
"江东部",2,1
"沉积盆地二",1,1
"目成果已",4,2
"成果已",4,2
"煤层",3,3
"工学院",1,1
"正式出",1,1
"分专著",1,1
"著正",10,2
"专著正",6,2
"专著",1,1
"碳捕集",600,205
"中国世纪议程管理中心",1,1
"工程 ",10,3
"环境",4,1
"而 技术",5,3
"技术",24,11
"而 技",2,1
"环境地质",1,1
"技术在",7,3
" 技术",1,1
" 技术在",8,3
" 技术在我",3,2
"技术在我",1,1
"工业和信息化部",8,4
"等八部",10,3
"等七部",6,2
"制造业",4,1
"部等八部",4,1
"部等七",4,1
"和信",2,2
"信息化部、国家发",1,1
"见》",1,1
"业和信息化部、国",4,3
"见》《",6,3
"和信息化部、国",6,3
"量建设鄂尔多",4,1
"建设鄂尔多",1,1
"设鄂尔多",9,1
"发展改革委等部门关",16,4
"发展改革委等部门关 ",3,3
"展改革委等部门关",7,1
"展改革委等部门关 ",1,1
"东省",3,1
"等部",9,3
"二氧化碳捕集利用与封存技术",2,1
"封存",58,29
"快推",5,1
"快推广应 用低成本",9,2
"围绕C",5,2
"US）相关术语",2,1
"推广应 用低成本",6,2
"推广应 用",11,3
"广应 用",5,1
"广应 ",5,1
"水泥窑全氧燃烧耦合低能耗碳捕集工程",1,1
"/OL",2,2
"的全氧燃",4,4
"治区人民政府 3",2,2
"示范项",14,7
"宁东基",1,1
"tps",1,1
"联水泥",1,1
"张家口张宣科技公司",3,1
"司 建",2,1
"”示范工程 202",2,1
"国内水泥行业规模最大的二氧化碳捕集项目",2,2
"浙江公司",4,1
"主研发",21,7
"mentrenc",8,2
"水泥行",9,5
"泥行业规",5,4
"水泥行业规",5,4
"水泥",6,3
"nc",1,1
"泥行业规模",7,3
"水泥行业规模",2,1
"泥行",12,6
"水泥行业",1,1
"enc",1,1
"全球首套空气源碳捕集矿化一体化示范项目",3,1
"球首套空",5,4
"球首",14,8
"球首套空气源碳捕集矿",3,2
"州落地",6,2
"首套空气源碳捕集矿",5,2
"首套空气源碳捕集矿化",5,1
"首套",8,3
"捕集矿化",2,1
"州落地，实",1,1
"球首套",1,1
"套空气源碳捕集矿化",2,1
"套空气",7,2
"空气源碳捕集矿化",6,2
"空气",1,1
"二氧化碳运输技术",1,1
"有限公司",3,3
"运输",7,4
"世顺公司",2,1
"世顺公司与钢管研究院",2,1
"同时，中",9,4
"同时，中油宝
世顺公",6,2
"同时",3,2
"油宝
世顺公司",1,1
"时，",14,6
"时，中油宝
",3,1
"油宝
",2,1
"时，中油宝
世顺公司",6,2
"体系快",1,1
" 公",2,2
"碳封存",27,15
"我国东部",1,1
"com",2,1
"8 中国",2,1
"氧化碳",21,7
"线位",1,1
"榆林化学有限责任公司",2,1
" 。",21,8
"目将",3,1
"和冰岛碳封存公司",2,1
"fi",5,3
"示范工作 。 例",2,1
"究和示范工作 。 例",2,1
"如，海南省开",6,3
"存二氧化碳的试验",3,1
"存二氧化碳的",2,1
"研究和示范",4,1
"海南省开",6,2
"术研究和示范",3,2
"南省开",1,1
"锦界公司",2,1
"03-",4,2
"13 2025-",3,1
"13 2025-03",1,1
"B/",3,1
"B/O",21,4
"b72",6,2
"能源集",2,1
"/O",12,1
"成为全国首批绿色低碳示范项目",1,1
"和河南顺成集团",2,1
"地区开展了",4,1
"上海高等研究院",1,1
"上海高研院",1,1
"煤烟气",2,1
"ducn/",2,1
"项目",33,12
"由3",4,1
"由3 个分项目",7,3
"3 个分项目",6,2
"0 万",2,1
"3 个分项目构",5,1
"我国准噶尔盆地",3,3
"准噶尔盆地、松",2,1
"准噶",7,2
"尔多斯盆",76,21
"噶尔盆地、松",5,1
"国家发展改革委科技部",2,1
"发展改革委科技部工",1,1
"业和信息化部等",16,5
"家发展改革委科技部工",2,1
"循环耦",10,3
"展改革委科技部工业",8,2
"展改革委科技部工",15,3
"发展改革委科技部工业",14,2
"二氧化碳高效低成本捕集的先进技术",1,1
"二氧化碳资源化利用及固碳示范项目",1,1
"化碳资源化利",2,1
"用新工",8,3
"捕集",93,38
"用新工艺、",2,2
"用新",5,2
"钢铁项目",2,1
"、建材",9,3
"氧化",10,3
"、建材等行",1,1
"家能源局工业和",4,2
"资源禀",13,6
"源禀",8,3
"集利",22,4
"捕集利",29,11
"能源局工业和",8,3
"CC",40,14
"能源局工业",2,2
"业和",10,5
"国家发展改革委教育部",6,2
"二氧化碳捕集利用与封存等技术",3,1
"集利用",53,12
"化部国家发展改革委教",19,5
"捕集利用",12,5
"部国家发展改革委教",3,2
"部国家发展改革委教育",16,2
"氢炼",2,1
"息化部国家发展改革委",16,3
"利用",44,10
"炼化、二氧化碳捕集",16,2
"自然资源部",4,3
"国家发展改革委财政部",1,1
"CUS",14,7
"CU",3,2
"国家发展改革委工业和信息化部",6,4
"持内蒙",19,5
"建设 鄂",12,2
"然资源部等",3,2
"家发展改革委工业",8,3
"业和信息化部自",1,1
"部等",2,2
" 支",5,1
"支持内",5,1
"支持内蒙",10,2
"推动对加装碳捕集利用与封存设施部",1,1
"齐二氧化碳资源",1,1
"集 发电系统协同、",1,1
"氧 化",3,1
"加装碳捕集",3,1
"出要构建绿色低碳高质量发展空间格局",1,1
"国家发展改革委国家能源局",1,1
"国家数据局",1,1
"家发展改",3,1
"源局国家",3,1
"家发展改革委国家",2,2
"家发展改革委国",3,2
"家能源局国",2,1
"掺烧、",2,1
"发展改革委国家",13,5
"发展改革委国家能",6,1
"发展改革委国",2,1
"展改革委国家",2,1
"江苏省",4,2
"工业和信息化厅江苏省",4,2
"发展和改革委员会江苏省",4,2
" CCUS 可支",2,1
"山东省",4,4
"科学技术厅山东省",7,4
"发展和改革委员会山东省",4,3
"学技术厅山东省发",6,2
"和改",15,7
"学技术厅山东省发展和",1,1
"省科",8,4
"捕集、生物能",1,1
"省科学技术厅山东省",2,1
"山西省",2,2
"科学技术厅山西省",2,2
"发展和改革委员会山西省",2,2
"学技术厅山西省发",4,2
"展和改",8,4
"西省科",1,1
"展和",16,8
"能耗、大 ",3,2
"和改革委员会山西省工",5,3
"展和改革委员会山西省",1,1
"，前瞻",1,1
"科学技",9,3
"科学",13,4
"科学技术厅山西省发展",2,2
"学技术厅山西省发展",4,1
"福建省",4,2
"工业和信息化厅福建省",4,2
"发展和改革委员会福建省",4,2
"业和信息化厅福建省发",7,3
"建省生",7,2
"省工业和",15,2
"和信息化厅福建省发",17,6
"省工",4,1
"工业和",8,2
"改革",8,2
"工业和信",3,1
"工业",13,2
"经济和信息化厅四川省",1,1
"生态环境厅四川省",5,3
"加强建",2,1
"强对重点项 目建",2,1
"广东省",2,2
"发展和改革委员会广东省",2,2
"科学技术厅广东省",2,2
"工业和信息化厅安徽省",1,1
"发展和改革委员会安徽省",4,4
"、低温",2,1
"信息化",1,1
"湖北省",4,2
"住房和城乡建设厅湖北省",4,2
"经济和信息化厅湖北省",4,2
"改造升",1,1
"信息化厅湖北省发展",1,1
"代燃料",6,2
"快工业",5,1
"快工",1,1
"发挥中科院",2,2
"武汉分院",4,3
"中科院武汉分院、",4,2
"科院武汉分院、",7,2
"武汉分院、",5,1
"院武汉分院、",5,1
"院武汉分院、华",5,1
"的示范工程",3,3
"能源局关于印发安徽省",3,3
"零碳产业园区",2,2
"地制",5,2
"原创性、引领性的创",4,1
"地制宜",3,1
"制宜",5,2
"加大碳捕集利用与封存和清洁能源融合的工程",2,1
"国家标准委国家发展改革委工业和信息化部",1,1
"家标准委国",8,1
"陆上封",4,2
"家标准委国家发",1,1
"标准委国",4,2
"信息化部等",2,1
"标准委国家",2,1
"和标准",3,3
"点制修订",1,1
"制修",1,1
"修订直",9,4
"委工业和信",1,1
"修订",5,1
"国家发展改革委市场监管总局",2,1
"生态环境部",8,5
" 。 ",47,11
"发展改革委市场",4,2
"展改革委市场",4,2
"的团体",2,1
"展改",1,1
"行政区",1,1
"东省生",3,2
"革委生态环",3,2
"）等温室 国",1,1
"生态",1,1
"四川省",4,2
"发展和改革委员会四川省",4,2
"落实碳",16,3
"省发",4,1
"上降",2,1
"制定",19,4
"落实碳捕",3,2
"省生态环境厅四川",1,1
"支持国家碳达峰试点城市",1,1
"和园区",1,1
"模化碳",13,4
"国家碳",4,1
"国家碳达峰试点城市",2,1
"国家碳达",5,1
"碳达",2,1
"励金",1,1
"度 。",1,1
"排技术",13,4
"励金融机构为",5,2
"融产品",7,2
"-Sleipner咸水层封存项目",4,2
"首个",1,1
"施 了全球首个CC",4,3
"成 立",9,2
"麻省理工学院发",1,1
"布局",3,1
"中半数",2,1
"100 个处于不",2,1
"项目，",9,3
"的发",4,2
" 4 张贤、杨晓亮、",5,2
" 4",10,2
"地区",5,3
"区性",2,1
"性的财",11,2
"性的",12,2
"的财",7,3
"信息化局",1,1
"CCU",11,4
" 20",9,2
"0 ",4,2
"同时，明确C",5,3
"同时，明确CCUS",16,5
"同时，明确CCU",3,3
"同时，明",6,2
"同时，",2,2
"时，明确CCUS",1,1
"词：",6,2
"词：碳",5,1
"I 103",2,1
"管道；压",2,1
"究结",5,3
"究结果",2,1
"结果",7,3
"结果可",5,1
"究结果可",1,1
"公司",2,2
"碳利用",10,7
"减排；",1,1
"资（7500 万美",2,2
"排；",1,1
"公司，",2,1
"外相",2,1
"开发商",4,3
"相关案例 ",5,3
"材料强度的同时可封",4,2
"外相关案例 ",1,1
"关案例 ",7,3
"关案",6,2
"关案例",3,2
"碳捕获",4,3
"CCUS项目",2,2
"燃烧后捕集示范项目",2,2
"S项",4,3
"CUS项",1,1
"US",4,3
"US项",1,1
"中全链类CCUS项目",2,1
"类以及",1,1
" 从技术",1,1
"术分类",4,2
"从技术 行的项",2,1
"研究及示范项目",15,3
"国家能源集团",30,7
"江苏泰州公司",20,4
"能源集团江",25,4
"家能源集团江",17,5
"能源集团江苏",11,1
"源集团江苏",6,1
"该项目",16,4
"是国内印染行业首个CCUS项目",5,1
"/t ",31,6
"目是国内",43,5
"目是国",26,3
"国内",10,5
"剂再",12,3
"是国",11,2
"是国内",18,5
"收剂再",6,3
"能力",16,4
"剂再生",1,1
"苏泰州",5,2
"功 。 国家",4,1
"目机组运行成",1,1
"目投",4,1
"目投产",7,3
"国际领",2,2
"杭州杭氧膨胀机有限公司",5,2
"国内开",9,5
"经验",1,1
" 齐",5,2
" 齐鲁",5,3
" 齐鲁石",4,4
"齐鲁石",11,5
"鲁石",4,2
"齐鲁",5,2
"是国内第一台用在CCUS项目",2,1
"内第一台用在",4,2
"内第一",7,3
"内第一台用在CCUS",2,2
"一台",2,1
"一台用在CC",8,3
"第一台用",1,1
"一台用",8,2
"第一台用在CC",7,3
"和中国地质调查局",1,1
"我国青海省",3,1
"西宁市",3,1
"青海省西",4,3
"海省西宁市三合镇的天",3,2
"和准噶尔盆地",7,3
"于松辽盆 地",2,1
"油田主要",4,2
"中国气藏主要分布于鄂尔多斯盆地",4,2
"和塔里木盆地",21,8
"国气藏主",5,2
"气藏主",4,1
"藏主要",11,3
"气藏主要",3,1
"北部区",3,1
"沉积盆地",4,2
"O2 ",3,3
"此之外，苏北",1,1
"2 ",2,2
"日本的 CO2 ",2,2
"之外，苏北盆地4",14,1
"亿吨 和",15,2
"之外，苏北",1,1
"全球碳捕集与封存研究院",2,2
"碳捕集与",10,3
"碳捕集与封存研究院G",5,2
"捕集与",57,20
"集与封",114,25
"捕集与封存研究院G",7,2
"集与",64,23
"集与封存",6,2
"捕集与封存",6,2
"碳捕集与封存",1,1
"中唯一一个中国项目",6,2
"过200 万吨 。",1,1
"鄂尔多斯 CCS ",3,1
"国家能源集团鄂尔多斯",10,1
"：钢",3,1
"：钢铁企业主要分",3,1
"铁：钢",2,1
"些地区",16,1
"这些高排放区",1,1
"配距离",1,1
"的中、低适应",2,2
"距离",1,1
"些高排放区域",9,1
"外的 鄂",19,3
"高排放区域",5,1
"分布于渤海湾盆地",2,1
"等盆地",9,3
"海湾盆地、",5,2
"海湾盆地",4,1
"海湾盆地、准",1,1
"Pol",1,1
" J Ts",1,1
"近平",4,1
"近平新时",4,1
"习近",3,2
"习近平新",1,1
"近平新",2,1
"实施城市节能降碳工程",2,1
"实施城市",2,1
"施城",1,1
"施城市节",1,1
"城市节",5,2
"城市",4,1
"市节",3,2
"碳园",2,1
"来技术学院",12,2
"和示范性能源学院",12,2
"相关上市公司",2,1
"4强化领导干部",2,1
"学习贯",1,1
"公布",1,1
"关上市公司和发债企",3,1
"关上市公司和",4,2
"和资源型地区",28,5
"要结合区",7,3
"等区",3,2
"低碳",14,1
"这些项目",2,1
"达到",2,1
"目正",2,1
"的运",29,7
"的运营",29,6
"目的运营",6,3
"运营",18,5
"了工程项目",2,2
"了工程",4,3
"估 碳",3,2
"工程项目所",10,2
"工程项目所需",4,1
"工程项目",7,2
"上游市",3,1
"场但具有良好的市",3,1
"重点围绕准噶尔-塔里木盆地",2,1
"和四川盆地",3,2
"点围",1,1
"绕准噶尔-塔",18,2
" 尔多斯盆地",7,2
" 尔多斯",23,2
"绕准",12,2
"管理能源项目",2,2
"北京理工大学",1,1
"北京理工大学能源与环境政策研究中心",1,1
"能源与环境政",2,1
"能源与",2,1
"理工大学能",10,3
"理工大",5,1
"工大学能",5,2
"美国的碳捕集项目",4,2
"的碳捕集项目采用",1,1
"的碳捕集项目采",7,4
"捕集项目采用",11,3
"规划与",5,2
"捕集项",1,1
"碳捕集项目采",13,2
"碳捕集项目采用",15,3
"集项目采用技",5,1
"捕集项目采用技",15,3
"碳捕集项目采用技",3,2
"为每个项目",2,1
"比利时",2,1
"集群化建设方面，美国",12,5
"集群",8,2
"集群化",5,3
"适配多",3,3
"群化",4,1
"群化建设方面，美国《",5,2
"与高不确定性又将进一步影响碳源企业部",8,2
"于设备",2,1
"成本主要来源于设备",2,1
"碳排放",2,1
"成本主要来源于设备购",13,5
"成本主要",3,1
"本主要来",5,2
"本主要",3,1
"本主要来源于设备购",7,3
"本主要来源于",5,1
"其优化决策是一个面向长周期的复杂系统工程",2,2
"优的碳",2,1
"优化决策是一",2,1
"模C",2,1
"化决策",5,3
"化决策是一",1,1
"长期成本最优的碳",2,1
"决策",1,1
"决策是",1,1
"这不仅进一步压缩了项目",4,2
"键 。 “十五",1,1
"不仅",8,4
"期碳捕",6,3
"不仅进一步压缩了项目",9,4
"仅进",8,1
"仅进一步压缩了项目的",28,6
"术的关键科学与工程",4,1
"积极开",2,1
"碳捕集设施的全",3,2
"集设施的全",1,1
"基础",2,1
"捕集设施的全生",2,1
"重视加强海外组专利布局",2,2
"知识产权保护格局",3,2
"广，打破国外机构对",4,2
"国际",2,1
"利布局，",2,1
"加强海外组专",7,4
"视加强海外组专",2,1
"强海外组专利布",5,1
"能源与环境政策中心",1,1
"大部",3,2
"与环境政策中心大",8,3
"与环境政策中心大部分",3,2
"与环境政策中心大部",8,3
"环境政策中心大部",6,3
"环境政策中心大",1,1
"基于区",1,1
"于区域",3,1
"津冀、鄂",8,2
"域经",5,1
"域经济发展",1,1
"域经济发",1,1
"本报告所描述的碳捕集与封存示范和部",2,1
"告所",5,2
"告所描述",1,1
"所描",8,2
"所描述",5,1
"所描述的碳",3,1
"在没有CCS示范与部署的国家计划",4,2
"在没有CCS示范与部",4,2
"以及大连理工大学",9,3
"CO2-强化驱油技术",11,3
"最知名",7,3
"没有CCS示范与",2,1
"理中心、中国科",9,3
"有C",3,2
"有CC",8,3
"设试点项目",7,1
"技术既",1,1
"去的10年中",14,2
"去的10年",13,1
"对第一代碳捕集与封存示范计划",6,2
"加强公",2,1
"布碳",2,1
"的筛选标准以及降低示范项目",3,1
"集与封存示范项目",5,2
"年计划",2,2
" 三、十三五计划",8,2
" 三",3,2
"个10万吨规模的项目",7,1
"中 ",3,1
"中 在",7,4
"家科学",19,6
"等方面",6,2
"中 在减",8,2
" 在减",1,1
"录1给出了一份潜在的煤基示范项目",4,2
"碳捕",43,17
"了保",3,2
"i 证",9,4
"保持",6,2
"了保持",2,1
"中国大多数煤化工项目",16,4
"中国大多数煤化工项目都位于中西部",4,1
"和内蒙古自治区",25,4
"以及宁夏回族自治区",67,8
"国大多数煤化工项目都",26,5
"和内蒙古",3,3
"21 ",24,7
"大多数煤化工项目都位",37,2
"多数煤化工项目都位",31,2
"多数煤化工项目都位于",13,1
"由于大部",2,1
"工艺组",4,2
"大部分",8,3
"部分注",7,2
"部分注入的CO",5,1
"CO2强化驱油技术",16,4
"由于在国内有中试项目",2,1
"CO2强化驱油",2,1
"于在国内有中试项目，",4,2
"在国内有中试项目，",2,1
"本路线图对中国的23个主要陆上盆地",1,1
"和9个主要近海盆地",1,1
"O2 ，总的封",4,3
"路线图对中国的2",2,1
"路线图对中",6,3
"线图对中国的2",4,1
"路线图对中国的23个",2,2
"线图对中国的23个",2,2
"图对",3,2
"线图对",3,2
"十三五计划期间为碳捕集与封存示范项目",3,1
"十三五计划",5,1
"三五计划期",26,7
"捕集与封",4,3
"与封",35,8
"计划期间为碳",5,1
"五计划期间为碳",2,1
"和北部",6,3
"所述，",11,5
"所述，中",2,1
"录1显示 了中国东",3,2
"录1显示 了中国东部",3,2
"录1显",3,2
"1显示 了中国东部",6,2
"述，",1,1
"部、东北部和北部",3,2
"1显示 了中国东",5,2
"显示 了中国东",11,3
"显示",5,2
"1显示",5,1
"给出了如附录2所示的初步的入围项目",13,4
"分或全部",11,3
"目，而且所有项目",4,1
"了CO2",18,4
"我们基",20,5
"了CO2-强化驱油技",2,1
"9 ",1,1
"9 考虑到",4,3
"小规模中试项目",3,1
"该盆地",2,1
"盆地不",2,1
" 捕集C",7,2
"不仅具",1,1
"项目还",3,1
"目还将",13,1
"宁夏和 山西的燃",3,2
"将评",5,1
"鄂尔",5,1
"源部",22,4
"和工业和信息化部",59,9
"少碳",4,1
"发改委、国家",7,1
" 中国",17,2
"和工业和信息化部都",7,1
"源部和工业和信息化部",11,3
"这类法规缺失可能导致在碳捕集与封存项目",6,3
"CO2捕集技术",9,3
"只有一",1,1
"规缺",1,1
"是高风险项目",4,1
"项目规",8,4
"项目是高风险",4,1
"录 ",4,2
"录 i",3,2
"iv",1,1
"是理想的候选区",29,6
"和松辽盆地",27,5
"以及西部的塔里木盆地",29,6
"都有适于CO2强化驱油的油田",29,6
"的准 ",1,1
"外，从2017 ",1,1
"盆地和松辽",2,1
" 。  ",2,1
"，从20",1,1
"，从2",1,1
"这些地区",2,1
"为优先区",10,6
"些地区还",3,2
"设置上述",5,2
"5包括",5,2
"地区还",3,2
"区还集中",5,1
"区还集中了",5,1
"存示范项目",3,1
"捕集和",46,17
"许多其他正在开展",1,1
"许多其他正在开展碳",9,2
"集和",27,8
"许多其他正在开展碳捕",4,2
"展碳捕",2,1
"集和封",13,6
"和封",9,4
"多其他正在开展",5,1
"多其他正在开展碳捕集",2,1
"的核准条件以便项目",10,4
"58 ",1,1
"碳捕集和封存项目的",4,3
"地社区和",2,2
"社区",6,4
"地社区",11,6
"地社",1,1
"社区和",3,1
"管理部门应该及时公开碳捕集与封存项目",4,1
"而实",2,2
"现更大规模的减 ",2,2
"体系、",2,2
"而实现更大规模的减 ",2,2
"要 建",6,4
" 建",8,3
"目管理",10,5
"存认",1,1
"建立",8,3
"证体系；",4,2
"油气藏",18,8
"针对早期示范项目",1,1
"封 存",1,1
"早期示范项目，",1,1
"及项目",10,2
"和珠江三角洲地区",7,2
"随着行业布局",3,1
"以及西部",3,1
"江三角洲地区和珠",9,2
"是内蒙",14,3
"角洲",7,2
"别是内",4,2
"影响 ",3,2
"油或封存的邻近油田",1,1
"建议将",7,1
"维吾尔",11,3
"维吾尔自治区",2,1
"阶段性",2,1
"化工领域发展510个早期CCS项目",1,1
"措施、",16,2
"集与封存设备的额",4,2
"捕集与封存设备的额",18,2
"捕集与封存设备的",1,1
"参与早期的示范项目",8,4
"付一",2,1
"励国内石油企业
参",22,4
"励国",14,2
"国内石油企业
参",26,3
"先行碳捕集与封存项目",3,1
"少项目",6,1
"的税费负担并提高项目",7,2
"碳捕集与封存项目可能",10,3
"碳捕集与封存项目可",12,3
"行碳捕集与封存项目可",6,3
"集与封存项目可能",1,1
"捕集与封存项目可能",1,1
"集与封存项目可",6,2
"广的碳捕集与封存项目",10,2
"给大规",9,5
"资者需要",7,3
"者需要",7,2
"会投资给大规",1,1
"需要充",5,3
"需要",13,4
"碳捕集与封存项目",5,1
"单一的",1,1
"相互依存关系，带来",2,2
"连锁",1,1
"营 ",1,1
"集与封存项目通",9,3
"经营 ",6,3
"捕集与封存项目通",1,1
"与封存项目通",1,1
"集与封存项目通常",11,3
"随着碳捕集与封存项目",3,1
"分不足的",1,1
"着碳捕集与封存项目的",5,3
"能力是",13,6
"的不",2,1
"碳捕集与封存项目的商",10,7
"碳捕集与封存项目的",3,3
"少 。 ",1,1
"捕集与封存项目的商",10,3
"捕集与封存项目的",3,2
"捕集与封存项目的商业",16,5
"力是",1,1
"集与封存项目的商业",26,5
"集与封存项目的商业驱",5,1
"再继续某一碳捕集与封存示范项目",3,1
"一碳捕",5,2
"，英国（UK",12,3
"英国（UK",7,3
"再继续某一碳捕",1,1
"面管理计划",4,2
"投资和",11,4
"管理计划",5,1
"面管理计划的",1,1
"管理计划的",2,1
"所有者可能还需要在项目",5,1
"集和利",46,6
"有者",20,3
"有者可能",8,1
"所有者可能",2,1
"可能",4,1
"者可能",3,1
"者可",23,2
"有者可",9,3
"所有者可能还需",24,5
"有者可能还需要",15,3
"所有者可能还需要在",10,3
"有者可能还需",22,4
"所有者可能还需要",13,3
"有者可能还需要在",18,3
"这可能更好地发挥项目",1,1
"开始从",2,1
"可能更好地发挥项目优",2,1
"能更",6,2
"能更好地发挥项目优",3,1
"能更好地发挥项目优 ",3,1
"正在进行的试点项目",3,1
"体系和",3,2
"工业工厂的",2,1
"业工厂的CO",3,2
"业工厂的C",2,1
"技术是最合适的方法",8,1
"封存委",23,5
"碳封",5,2
"存委",8,4
"碳封存委",2,2
"封存委员会预计",9,3
"碳封存委员会预计",9,3
"中国东部",2,1
"和东北部",5,2
"国东部和东北部地区的",6,2
"国东部和东北部地",9,3
"东部和东北部地区的",3,1
"东部",8,3
"东部和东北部地区",5,2
"东部和东北部地",5,2
"部和东北部地",6,3
"部和东北",2,1
"部和东北部地区的",7,2
"东北部地区的",5,1
"和东北部地区的一",3,2
"和东北部地区的",3,2
"的国家一样中国需要为先行项目",4,1
"部分补贴类似于由政",4,2
"具备",2,1
"强化驱油",2,1
"目提",3,1
"先行的CO2强化",3,1
" 像其",24,3
"期先行的CO",10,1
"在中国迈入第14个五年计划",4,1
"中国迈入第14个",2,1
"迈入",3,2
"并推动碳",3,1
"国迈",8,2
"并推动",8,4
"为同类别中首批推向商业化计划的项目",3,1
"第二个",12,2
"第一",22,6
"第二个阶段，碳捕",6,1
"3燃煤污染物减排国家工程",3,3
"c-zh0pd",1,1
"科学技术部",1,1
"了两版",11,4
"学技术部分",2,1
"技术部分",7,2
"技术部分别",5,2
"术部分",12,6
"了两版《中",1,1
"术部分别",8,2
"两版《中",2,1
"了两版《",1,1
"分别",7,2
"展后 ",2,1
"“十",2,1
"能耗碳",11,2
"煤机组碳",7,1
"机组碳",7,2
"煤机组",9,3
"机组碳减",5,1
"煤机组碳减",1,1
"油气开发投资项目",3,1
"发投资项目 ",13,3
"开发投资项目 ",6,2
"以油藏工程",1,1
"设计工程",3,1
"油藏工程 ",5,2
"藏工程 ",12,3
"油藏工程 方案",4,3
"藏工",9,2
"我国油气藏和深部",4,2
"源转型",1,1
"部咸",8,4
"转型",1,1
"部咸水层等地",1,1
"油气藏和深部咸",5,3
"部咸水层等",3,2
"油气藏和",9,3
"气藏和",9,3
"藏和",6,3
" 邹才能 马锋 潘松",2,1
" 邹才能",2,1
"rat",1,1
" 邹",1,1
"省市",3,2
"省市积",5,3
"省市积极跟进，将CC",5,2
"市积",6,4
"市积极跟进，将CC",1,1
"术不",13,2
"高效",15,3
"技术不",5,2
"高效利",5,3
"Af",1,1
"至2",2,2
"研发和示范项目",4,1
"有限责任公司",2,2
"煤制油分公司",2,2
"1 ",17,8
" 项目 国家能源",4,2
"C02",2,1
" 项",4,2
"项目 ",4,2
"碳封存技术指通过工程",6,3
"，将成为中",3,1
"CO",4,2
"，将成",1,1
"从目前国外典型碳封存项目",2,1
"存项目",1,1
"目前国外典",5,5
"在C",1,1
"的研",3,2
"封存项",1,1
"前国外典型碳封存项目",4,2
"证的研",2,1
"和鄂尔多斯盆地",3,1
"盆地、四川盆地",27,3
"盆地、四川",11,1
"地、四川",6,1
"大的准噶尔",10,1
"考文献（Re",5,2
"文献（Re",6,3
"献（Re",1,1
"CC ",2,2
"与北美地区二叠盆地",2,2
"超级能源盆地",2,2
"lti",2,1
"中小盆地",1,1
"与伊犁盆地",1,1
"伊犁",2,1
"取常",2,1
"当前的勘",2,1
"前的勘",5,2
"前的",8,2
"前的勘探",5,1
"及东部",2,1
"区碳源",5,1
"准噶尔盆地的",9,2
"够作为",4,1
"噶尔盆地的",12,3
"尔盆地的",5,1
"尔盆地",5,1
"噶尔盆地",2,1
"以油田内部",15,5
"则以来自新疆地区内部",9,3
"言，准噶尔盆 地西",17,3
"言，准噶尔盆 地西部",18,3
" 化的",11,4
"而言，准噶尔盆 地西",5,2
"准噶尔盆 地西部",24,4
"坳陷南部",3,1
"巨厚砾岩油气藏，",4,3
"对巨厚砾岩油气藏，",3,2
"对巨厚砾岩油气藏",1,1
"厚砾岩油气藏，",5,1
"厚砾岩油气藏，创",5,1
"管网覆盖全盆地",2,1
"东部的煤化工与油气田",4,2
"网覆盖全盆地，",2,2
"聚焦盆地东部的煤化工",1,1
"覆盖",7,1
"覆盖全盆地，",7,1
"体优化调度和内部",7,1
"利润分配两部",7,1
"盟中的成员i ",3,1
"，联盟中的成员i ",14,2
"外，联盟中的成员i ",12,2
"农业与农村发展学院",1,1
"源与矿",8,2
"inet/ur",2,1
"le",12,3
"lea",1,1
"与矿",5,1
"本研究以全球碳捕集与封存研究院",1,1
"工具视",1,1
"，本文",5,2
"，本文从",7,3
"文从",2,1
"本文从",1,1
"英国大部分的项目",2,1
"英国大部",2,1
"US ",1,1
"国大部分的项",1,1
"国大部分的项目仍",1,1
"国大部分",1,1
"部分的项目仍处于",7,2
"部分的",7,2
"部分的项目仍处",19,5
"部分的项目",10,2
"部分的项目仍",19,3
"分的项目仍",16,3
"分的项目仍处",6,1
"美国现阶段的各阶段项目",2,1
"美国现阶段的各阶段项目部",2,1
"现阶段的各阶段项目部",8,3
"国现阶段的各阶段项",3,1
"现阶",4,2
"阶段的各阶段项目",2,1
"阶段的各阶段项目部署",2,1
"在松辽盆地",4,1
"勇说",2,2
"伐 。",1,1
"郑勇",1,1
"回溯吉林油田",3,1
"探索，",1,1
"如今的吉林油田",4,1
"今的吉林油田CCUS",6,3
"多、",3,2
"今的吉林油田CC",4,2
"的吉林油田CC",6,3
"与吉林油田",5,1
"来，吉林油田积极",11,4
"来，吉林油",5,1
"林油",32,13
"来，吉",2,2
"，吉林油田积极",6,2
"来，",7,2
"吉林油田相",8,3
"吉林油",9,3
"。 ",3,2
"吉林油田相
",2,1
"电厂等碳排放源与油田",8,3
"油田周",1,1
"工企业、
",1,1
"排”",3,1
"吉林油田",2,1
"田的实",2,1
"田的实践",2,1
"技术是指通过化学和物理等方法",8,2
"述工作为后",5,3
"为后",12,5
"述工作",5,2
"本节",9,2
"本节将根据各技术方案",26,8
"本节将",5,1
"集群部",1,1
"建设 ",3,2
"此，",10,3
"为此，",8,2
"此，采",1,1
"公司宁",4,2
"集项目国",3,2
"项目国",8,3
"团浙江公司宁",10,3
"捕集项目国",4,1
"动煤电污染物“近",2,2
"吨级吸附碳捕集项目国",1,1
"建设绿色低碳高质量发展先行区",1,1
"省建",12,4
"降碳减",5,1
"东省建",1,1
"建设",7,3
"省建设",11,3
"环境科学与工程学院",2,2
"限责任公司",2,2
"92；",2,1
"，集",2,1
"，集中",5,1
"集中",5,1
"界电厂碳捕集项目",3,1
" 规模",3,1
"全球",11,4
"全球范",5,1
"球范",4,2
"全流程",9,4
"目连",5,2
"项目连",3,2
"全流程碳捕",1,1
"目连续",1,1
"套全流",2,2
"连续",3,2
"单元，",1,1
"目采用有机胺",1,1
"er ",6,2
"目采",4,1
"采用有",5,1
"采用",7,2
"由于该项目",4,1
"于理想",9,5
"该项目碳",7,2
"项目碳",20,4
"项目碳用",16,3
"目碳用",8,3
"碳用户",17,5
"碳用",11,2
"碳用户的",3,1
"将该项目",1,1
"将该项目电耗分为两部",1,1
" 所示",7,6
"该项目电耗分为两部分",2,1
"该项目电",3,3
"项目电耗分为两部分",1,1
"目电耗分为两部分",7,4
"目电耗分为两部分考",2,2
"目电耗",6,3
"目电",2,2
"本项目",6,2
"捕集装",5,2
"目碳",9,6
"集装",6,3
"集装置",8,2
"目碳捕",7,2
"电厂位于岛内中部",2,1
"厂位",4,1
"厂位于岛内中部核",6,2
"费用，",2,1
"于岛",5,1
"于岛内中部核心有",5,1
"若在岛外建设同样规模碳捕集项目",2,1
"
43",9,5
"在岛外建设同样",2,1
"岛外建设同样",2,1
"外建设",11,4
"外建设同样规模",5,1
"接保护",1,1
"目周边有大",1,1
"边有大",15,2
"有大",14,1
"纳入碳市场减排项目",2,1
"为保证",6,3
"来若能成",2,1
"来若能",4,2
"能成",13,2
"能成功推动类似 C",8,2
"关行业",7,2
"能成功",12,2
"成功",7,2
"成功推",6,1
"能成功推",1,1
"中国科学院",3,3
"国家能源局",3,3
"与可持",8,2
"丹 ",9,2
"有序转",7,2
"丹 二氧化碳捕集、",2,1
"丹 二",8,3
"一系列新兴产业项目",2,1
"位于",9,2
"于巴彦淖尔 ",3,2
"于巴",2,1
"工程",6,3
"规划并被认可之",3,1
"需要进行工程",5,2
"，告知",2,1
"存经",10,1
"存经营者需要",19,2
"封存经营者需要",14,3
"厦门大学",5,1
"厦门大学中国能源政策研究院",5,1
"大学中",8,3
"大学中国",3,1
"学中",3,1
"大学",2,1
"零碳园区",3,1
"方案馆呈现了零碳园区",5,2
"院认",8,3
"现，10 余家中外企",8,2
"家中外企",4,1
"内蒙",27,8
"定处",4,1
"内蒙 ",2,1
"全部",17,4
"评价指标体系",1,1
"研究",3,2
"研究，采",3,2
"等六个省",9,3
"为我国东部中新生代断陷盆地",9,3
"。  本",3,1
"地为我国东",8,4
" 渤海湾盆地",10,2
" 渤海湾盆地为我国东",25,7
"、河",4,1
"河北省、河南省、山东",4,1
" 渤海湾盆地为我国",13,5
"等七个油田",1,1
"而羊二庄油田",1,1
"孔店等",1,1
"区CO2 ",1,1
"由表5",6,2
"由表5 可",7,2
"表5",3,2
"由表5 可知，大港 ",2,2
"双效有利区",1,1
"南部和大港油田",3,3
"有利区主要分布盆地的中部",1,1
"和大港油田北部",1,1
"有利区",2,2
"有利区主要分布盆地",2,2
"eng",2,1
"分布盆地的中部",7,3
"）综",4,1
"分布盆地的",1,1
"综合",1,1
"）综合",1,1
"封存和驱煤层气封存已达到部",2,2
"国大",6,2
"O2 封存方面，国",3,1
" 年在准噶尔盆地东缘",1,1
"东方电气集团以华能天津绿色煤电项目",3,1
"东方电气集团",3,1
"气集团以华",3,1
"气集团以",7,3
"电气集团以华",12,5
"方电气集团以华",3,1
"燃煤电",2,1
"电企业应根据电厂实",2,1
"企业应根",12,3
"企业应根据电厂实",5,1
"业应根",5,1
"业应根据",2,1
"业链工程",1,1
"田企",10,3
"-EOR",6,2
"油封存",1,1
"田企业",1,1
"企业",6,2
"中国海油新能源部",2,1
"海油新能源部副",7,2
"国海油新能源部副",7,2
"油新能源部副",9,3
"油新能源部副总",23,3
"油新能源部副总经",16,1
"油新能",2,1
"OI 10",1,1
"态；水击压力；停输",1,1
"S；管道",1,1
"词：CC",1,1
"及山东省",8,2
"为主要排放区",8,2
"等传统产业集聚区",1,1
"的市",1,1
"域应优",1,1
"域应优先",2,2
"域应优先部署减排",1,1
"收到编辑部",1,1
"将视为",1,1
"视为同意 。 ",2,2
"视为",1,1
"同意 ",2,1
"到编辑部答",2,1
"编辑部答复",5,1
"编辑部答",5,1
"双碳目",4,2
"，途",7,2
"的吉",1,1
"00 公里，途",4,1
"括二氧",5,2
"一 国家",1,1
"四川省生态环",2,1
"法和标准",2,1
"实碳捕",4,2
"发展",8,3
"清洁低",2,1
"  4 张贤、杨晓亮",2,2
"，全球碳捕集与封",2,2
"2 年",2,2
"中心，全球碳捕集与封",2,2
" 4 张贤、杨晓",2,1
"从技术发展与项目",7,3
"为地质",3,3
"术发展与项目实",7,3
"术发",17,4
"术发展与",15,5
"/年碳",38,8
"利用
研究及示",9,2
"利用
研",3,1
"冰轮集团",5,3
"冰轮集团工业设计中心",4,2
"获评第五批国家级工业设计中心",4,2
"集团工业",2,1
"集团工业设计中心获评",2,1
"源集团江苏泰州公司5",1,1
"齐鲁石化-胜利油田百万吨级CCUS项目",6,3
"齐鲁石化-胜利油田",2,1
"鲁石化-胜利油田百",3,2
"，对",3,2
"开展百",6,4
"石化",10,2
"化-",2,1
"石化-胜",8,1
"韩国深部",2,1
"深部咸水层的",4,2
"深部咸",6,3
"国深部咸",1,1
"部咸水层的",4,3
"部咸水层的CO",15,5
"深部咸水层的CO",3,2
"根据美国地质调查局",2,1
" 万亿",18,5
"美国地质调查局US",6,2
" 万亿吨 。 全球",7,1
"国地质调查局US",3,1
" 年中",1,1
"铁：钢铁企业主要",2,2
"年中",1,1
"新能源",1,1
"一批国",1,1
"善绿色低碳技术和",3,1
"善绿色低碳技术和产",5,3
"一批绿色低",1,1
"善绿",1,1
"术学院、现代产业",2,1
"术学院、现代",4,2
"术学院、现代产",3,2
"色低碳技术和产",1,1
"我国二氧化碳捕集技术总体上已在大部",6,3
"二氧化碳捕集技术",10,3
"碳
储",6,3
"国二氧",2,1
"二氧化碳捕集技术总",19,6
"集技",6,3
"集技术",1,1
"二氧化碳捕集技术总体",2,1
"）、循",2,1
"CO2运输技术",1,1
"心部",2,2
"，亟需",15,4
"，亟",5,2
"来，亟",6,2
"来，亟需",3,2
"亟需",9,2
"6亿美",1,1
"域性碳捕集集 群建",2,2
"亿美",1,1
"法案》",3,1
"化建",5,1
"化建设方面，美国《基",5,1
"产业",1,1
" 产业",16,3
"不仅进",2,1
"不仅进一步压",3,2
"范和",1,1
"和示范项目",1,1
"设 。",2,1
"景下",8,2
"背景下",10,3
"景下，为",3,1
"背景",1,1
"在全球碳捕集与封存研究所",3,1
"全球碳捕集与封存",2,2
"我相",2,2
"碳捕集与封存研究",7,3
"碳捕集与封存研究所（",4,1
"备 。",7,3
"球碳",14,3
"球碳捕",12,2
"煤发电",5,3
"第一代",3,2
"一代",6,3
"碳捕集和封存部",3,1
"集和封存部署",27,5
"集和封存",14,3
"和封存",30,4
"集和封存部署路",18,3
"和封存部",16,3
"和封存部署路径",10,1
"CSI",2,1
"持当",1,1
"部地 区，包括",12,3
"地 区",10,2
"新疆维吾尔族自治区",3,1
"部地 区",2,1
"常煤",3,1
"路线图",1,1
"油场地 的",1,1
"9 考虑到电力",4,2
" 考虑到电力",4,2
"附录2还显示了鄂尔多斯盆地",1,1
"机会之一",1,1
"机会",1,1
"2还显",8,2
"2还显示了鄂尔多斯盆",5,1
"估覆盖整个鄂尔多",2,1
"以及每年",22,7
"两家大型国企与",5,1
"估覆盖",1,1
"家大型国企与中",6,3
"家大型国企与",9,2
"大型国企与",4,1
"家大",1,1
"大型国企与中",4,1
"、政策",16,3
"科学与技术部、",4,3
"保部、国",10,1
"保部、国土资
源",31,5
"中国东北的鄂尔多斯盆地",15,5
" 像许多其他正",3,2
" 随着项目的增多，成",3,2
"需要的",2,2
"像许多其他正在开",3,1
"像许多其他正在开展",19,3
"像许多其他正在开展碳",10,3
"开展碳",2,1
"早期项目",1,1
"应享有",1,1
"论C",1,1
"在碳银",10,4
"碳银",9,3
"款给C",2,2
"银行模",1,1
"职责做",4,3
"明，而且还需要尽早",1,1
"管应实",2,1
"管应实行环境",1,1
"建议将碳捕集和封存法规与现有的项目",6,2
"议将碳",6,3
"将碳",3,1
"碳捕集和封存法规与现",19,2
"约束CO2的排",2,1
"
参与早期的示范项",2,1
"为了",8,5
"为了激励国内",2,1
"为了激励国内石油企",3,2
"，而对",1,1
"激励国内石油企业
",3,2
"小商业性缺 口",1,1
"存项",2,2
"目所",4,1
"试点项目",1,1
"这表明",1,1
"现时储藏的原油",1,1
"究估计， 如果",3,1
"项目已",8,2
"项目已经",5,1
"捕集和运输给石油公司",1,1
"和其他工厂每年",5,1
"其他工厂每年",5,1
"同时还必须为上述项目",3,1
"还必须为上述项",3,1
"上述项",4,2
"石油公",1,1
"国迈入",9,1
"国迈入第",10,2
"中国迈入第",1,1
"和地区根据自身",3,2
"示范项目",2,1
"英国、",2,1
"的部署，并积极推进C",3,2
"捕集能",24,4
"目前",16,2
"目前正在建设的设施开",5,1
"集能",1,1
"网覆盖全盆地， ",2,1
"覆盖全盆地， ",3,2
"盖全",1,1
"盖全盆地， ",1,1
"积极推",2,1
"024 年底，吉林油",3,2
"技术首次出",9,1
"术首",10,2
"近年来，吉林油田",1,1
"00 万吨 。 ”吉",1,1
"管道建成后",1,1
"驱动油田",3,2
"的“",3,1
" No",4,2
"吸收法的燃",2,1
"1 规模",2,1
"现阶段国内电厂碳捕集项目",3,3
"本的",1,1
"阶段国内电厂碳",9,5
"阶段国内电厂碳捕集项",1,1
"成本的",8,4
"段国内电厂碳",7,3
"阶段国内电厂",1,1
"厂碳",1,1
"段国内电厂碳捕",3,1
"段国内电厂",1,1
"本项目附近无油田",3,1
"，结合",2,1
"目附近无油田，无",2,1
"近无油",6,2
"无油",5,1
"开发区",24,5
"的落",8,2
"与内蒙",7,2
"我 们与内蒙",2,2
"“我 们与内蒙",4,2
"自治区、",3,1
"山西省、陕西",3,1
"家发展改革委等部门关",1,1
"范工程",8,4
"行业",11,3
"捕集矿",6,3
"集矿",7,2
"首套空气",10,4
"气源碳捕集矿",1,1
"套空气源碳捕集矿",10,1
"套空",14,2
"建省地",14,2
"建省地质调查研究院与",8,1
"，福建省地",16,4
"冰岛碳",1,1
"福建省地",8,1
"，福建省地质",1,1
"家能源",3,1
"改革委国家能源",1,1
"源禀赋",4,1
"禀赋",5,1
"化部国家发展改革委",7,2
"化部国家发展改革",1,1
"实施碳捕集利用与封存的项目",2,1
"施碳捕集利用与封存",2,1
"科研院所、行业协会、",3,2
"与封存",3,2
"捕集利用与封存的项目",2,1
"开展绿色低碳示范项目",3,3
"革委员",1,1
"厅山",1,1
"化碳捕",2,1
"绿色低碳示范项目，",7,2
"绿色",6,2
"色低碳示范项目，",1,1
"理工学院发起成 ",2,1
"立碳捕集与封",2,1
"上世纪90 年代，",7,1
"发展与项",10,2
"发展与项目实",18,6
"术发展与项",2,2
"发展与",13,4
"展与",6,2
"目前我国在部",10,4
"于企",1,1
"前我国在部分",18,9
"的角度",1,1
"角度",1,1
"存潜力",7,3
"前我",5,2
"我国在部分",15,5
"潜力",2,2
"。  ",2,1
"国在部分碳",5,2
"将在加速和部",2,1
"9 。",4,1
"ECC",11,6
"9 。 ",1,1
"为20",2,1
"为209 。",1,1
"09 。 ",1,1
"为209 。 ",2,1
"项目是",14,2
"项目是国",18,3
"碳捕集率大于",1,1
"碳捕集率",3,3
"碳捕集率大于90，",1,1
"封存消纳率达到",1,1
"投产",5,3
"碳捕集技术的部",4,2
"的部署",2,2
"业 。",2,2
"捕集技术的部署",14,4
"捕集技术的",7,1
"集技术的",2,1
"捕集技",6,3
"技术的部署仍面",10,1
"技术的部署仍",16,3
"技术的",2,1
"集技术的部署仍",7,4
"技术的部署",1,1
"效益方",5,4
"过来，高成本",2,1
"过来，高成本
",4,3
"过来，高成本
与高",4,3
"过来",1,1
"重申，",1,1
"全球碳捕",1,1
"球碳捕集与封存研",3,2
"捕集与封存研究所（G",3,1
"捕集与封存研究所（",3,1
"设，",3,1
"22个项目",18,7
"能力 ",12,3
"2个项目",16,4
"2个项目每",8,1
"0 MtCO2",3,1
"署路径预计将",5,2
"1）到",2,1
"捕集和封存部署路",1,1
"和封存部署路",9,3
"封存部署路",4,1
"领域的试点项目正在",9,2
"等方面 。 基于国家",3,1
"集中 在减",7,2
"、环",2,1
"、环保部、国土资
源",2,1
"支持来",3,2
"需要注意的是，其他C",1,1
" 需",5,2
"都有适于CO2",10,2
"、西北的准",3,1
"选定和设",8,2
"试50",1,1
"求使用",2,1
"此，对于前两个阶段的",2,1
"竞争力",5,1
"，对于前两个阶段的示",7,2
"，对于前",2,1
"税收优",11,6
"一替代",1,1
"替代",7,3
"一替代性的资金支",1,1
"替代性的资金支持",1,1
"替代性的资金支",3,2
"代性的资金支",2,2
"捕集与封存项目需",16,5
"集与封存项目需",9,2
"集与封存项目需要大",5,3
"技术风",15,5
"与封存项目需要大",1,1
"在商业化示范和部",6,3
"私人企",11,5
"商业化示范和部署",11,3
"商业",4,2
"业化示范和部署",5,2
"复杂性，私人企",2,2
"化示范和部署的",9,5
"业化示范和部署的",2,2
"业化",1,1
"化示范和部署",8,3
"复杂性",1,1
"化示范",11,2
"捕集与封存项目",3,1
"其参与程度，以及",4,2
"大限度地",2,1
"共部门的",2,1
"捕集与封存项目开",1,1
"碳
捕集与封存项目开",3,2
"。 随",10,3
"
捕集与封存项目开",5,1
"，在确",5,2
"式与 项目",8,3
"，在确定不
再",2,1
"式与 ",2,1
" 项目",1,1
"与 ",5,1
"与 项目",5,1
"一份单",1,1
"审小组的指",2,2
"份单",1,1
"者可能还需要在项目完",1,1
"识体系",11,4
"共和国（中国）面临",2,1
"从工业工厂",4,1
"从工业工厂的C",8,2
"从工",2,1
"工业工厂的C",5,1
"每年美国有200多个CO2强化驱油项目",3,1
"国有200",6,2
"国有",1,1
"带来",2,1
"年美国有200多个",11,3
"府带来",9,2
"国有200多个",9,3
"国有2",5,1
"国有200多",15,4
"有200多",2,1
" 像其他",2,1
"期先行的CO2强化驱",6,2
"目提供金融支持 。 ",10,1
"于先",2,2
"先征后返的增 值税和",1,1
"所发生",1,1
"聚焦盆地东部",2,1
"聚焦盆地",2,1
"盆地东部的",13,3
"地东部的",16,4
"盆地东部的煤化",2,1
"地东部的煤",10,3
"东部的煤",7,1
"于Shapley",3,1
" 值 法的利",3,1
"仍处于规划",1,1
"， ",1,1
"大部分的项目仍处",7,2
"大部分的项目仍",5,2
"道路上跑出",4,2
"色叙",2,1
"林日",12,3
"林日报",8,1
"日报",26,3
"报/2",5,1
"报/",5,1
"源转",4,1
"0 年",8,2
"田的C",2,1
"田二氧化碳开发公司",2,1
"计可",1,1
"帮助该油田提高采",1,1
"外的案例 ",4,4
"油田",11,5
"的案",1,1
"024 年底，",1,1
"绍，这一",3,1
"林油田",16,5
" “管道建成后，将实",2,2
"，管",1,1
"
电厂等碳排放源与油",3,1
"、1 座",1,1
"、1",5,1
"400 万吨 。 ”",5,1
"目碳用户",9,4
"附近无",5,1
"近无",5,1
"附近无油",1,1
"要进行工程规",6,2
"海地区 二氧",2,1
"，将近海地区 二氧",1,1
"经营者需要进",8,3
"经营者需要",7,2
"存经营者需要进",1,1
"在此次服贸会亮相的零碳园区",2,1
"现了零",2,1
"案馆呈现了零碳园",2,1
"家中外企业",1,1
"家中外企业在零碳园区",1,1
"材料公司等",4,2
"次服",4,2
"。 其",1,1
"六个省",1,1
"省、山东",5,3
"地为我国",4,3
"省、山东省",2,2
"为我国",2,1
"新能源部副总经",5,1
"新能源部副总",5,1
"推广应 ",7,3
"相关术语",3,2
"中油宝
世顺公司与",1,1
"油宝
世顺公司与",2,1
"项目建成后有望成为吉林省",2,2
"目建",3,2
" 与此",2,1
"成后",3,1
"成后有",3,1
"S 示范项目是",1,1
"025 年3 月",8,4
"S 示",5,1
"S 示范项目是我",1,1
"注入",1,1
"将煤",9,2
"及鄂尔多",13,3
"碳地质封存",2,1
"目将煤",2,1
"煤化",5,2
"二氧化碳",2,2
"势， ",6,2
"挥中科院",4,1
"水泥生",1,1
"动水泥生",4,3
"材项目孵化器 ",1,1
"S 项目",5,2
"接补",2,1
"构对",2,1
"定风险，且",1,1
"择合适的封存地点",1,1
"我国在部分碳利",7,2
"我国在部分碳",5,2
"氧有机",1,1
"品 质波动",1,1
"源化能源化利用",3,1
"司50",7,4
"而，由于该工",1,1
"于该工",1,1
"而，由于该工艺所",1,1
"，由于该工",7,2
"，由于该",5,1
"标，解",5,4
"投产后，可",1,1
"万棵 。  冰山冷热",5,3
"目投产后，可",6,2
"海省西",1,1
"多斯盆地",3,2
"多斯盆",25,6
"尔多斯盆地",14,5
"藏主要分布于",5,1
"藏主要分",1,1
"含油气",2,1
"本的 C",2,1
" C",1,1
"的 C",1,1
"鄂尔多斯 ",14,2
"鄂尔多",6,2
"家实验",1,1
"国家重点实",1,1
"碳领域未
",1,1
"代产业学院和示范",3,2
"建碳",2,1
"国二氧化",2,1
"二氧化碳捕集技",5,1
"质量，",2,1
" 加强碳捕",2,1
"方向",1,1
"加强碳捕集设施",4,2
" 积极",10,3
"加强碳捕集设施的",2,1
"强碳捕集设施的全",13,2
"发方向",8,1
"中国碳",11,3
"下，",3,2
"候变化",1,1
"制定本路线图，",1,1
" 路线",4,1
"学以及大连理工",4,1
"定本路",10,2
"学以及大",14,4
"制定本",1,1
"定本",7,2
"制定本路",2,2
"大型碳",21,6
"去的10年中，通过研",7,1
"多亿元",12,3
" 三、十三五计",3,1
"自第十个五年计划",12,4
" 基",3,2
"第十个五年计划（",12,4
"中在电力和煤化工领",6,3
"方面 ",9,3
"在国内有中试项目，以",5,1
"国内有中试项目，以",6,2
"国内有中试项目，",1,1
"9 考虑到电力行业是",1,1
"CO2-强化驱油",5,2
"项目拟从",9,2
"估主要",11,3
"估主要关注低成本机",2,1
"主要",26,3
"主要关",16,2
"主要关注",3,1
"每个碳捕集与封存项目",6,3
"划、政",1,1
"监管框",33,9
"土资
源部和工业",29,6
"个碳捕集与封存项目都",1,1
"、国土资
源部和工业",4,3
"、国",2,2
"土资
源部和工业和",9,1
"保部",2,1
"保部、",10,4
"保部、国土资
",8,3
"术部、环保部、",5,1
"中国西北和西部",2,2
"，而碳",6,2
"国西北和西部地",9,2
"国西北和西部地区的",5,1
"北和西部地区的",9,3
"北和西部地区的水",6,1
"和西部地区的",1,1
"尽早",1,1
"且还需",9,4
"本地",3,1
"本地社",5,2
"应主导",1,1
"力的",1,1
"将碳捕",7,3
"030） 58 ",1,1
"存认证",11,4
"证体系； iii ",5,1
"体系；",1,1
"正如研究院",1,1
"情况，",2,2
"国家的特殊",1,1
"国家的特殊情况，",1,1
"也会",1,1
"如研究院强",3,2
"个可靠",2,1
"虽然构成碳捕集与封存价值链的每个组成部",3,1
"构成碳",21,3
"成碳",8,1
"监管框架",3,1
"这些安排的关键在于对每个公司",1,1
"4 6",4,2
"些安排",2,1
"些安",1,1
"安排",3,2
"排的关键",9,3
"排的关",4,1
"的关键",4,1
"的关",1,1
"继续某",7,3
"确定不
",2,1
"这方面，中 国可以从",2,1
"方面，",3,1
"美国有200多",10,2
"美国有200多个",7,3
"年美国有2",1,1
" 。 因",1,1
"说，CO2强化驱油",3,2
"表明，中国
已",2,1
"其中 一些油田注",7,2
"其中 一些油",3,2
"其中 一些油田",8,3
"强化驱油技术",2,1
"工厂的运营方和石油公司",2,1
"集、利",44,6
"运营方和石油公司都必",22,4
"捕集、",60,11
"捕集、利",2,2
"集、",12,6
"的运营方和石油公司都",7,2
"时还必须为上述",4,2
"为上述",2,1
"公司几",2,1
"必须为上述项目配",12,2
"述项目",10,3
"述项目配",16,4
"须为上述项目配",9,2
"项目配",5,1
"述项目配备",4,1
"应当加强对项目",1,1
"十个 ",10,4
"当加强对项目的",13,4
"成为全国乃",1,1
"项目的",20,7
"强对项目的研究",7,3
"强对项目的",4,3
"强对项目的研",1,1
"正在建",13,7
"，50 个CC",2,1
"，5",5,2
"，50 个",7,3
"50 个",6,2
"正在建设",1,1
"，50",2,1
"50 ",1,1
" 年，吉林石化-吉林",3,1
" 年，吉林石化",9,5
"025 年，吉林石",1,1
"025 ",1,1
" 年，吉林石",2,1
"入深部",2,1
"段分布鲁棒优化模",3,2
"中，任意n0 n",2,1
"型，以及基于",1,1
"现阶段的各阶段项",2,1
"现阶段的各阶段项目",3,1
"，将实现吉林油田周边",2,1
"条总长 约400",2,1
"总长",1,1
"春市",2,2
"条总长",1,1
"； 如",1,1
"于该项",1,1
"分；夜",1,1
"落地",13,2
"11 ",1,1
"，反之可",1,1
"电气集团以",2,1
"方电气集团以",2,1
"集团以华能",8,2
"集团以华",13,2
"中国工程",2,1
"中国工程院",2,1
"工程院院士",4,1
"程院院士",4,1
"程院院士彭",5,2
"工程院院士彭",5,2
"1-",2,1
"3-0",4,2
"省生态",3,1
"省生",3,1
"和改革委员会福建省生",8,3
"和改革",2,1
"和信息化厅福建省发展",2,1
"捕集利用与",2,1
"碳捕集利用与",7,3
"动制定二",2,1
"技术要 市场监督",4,2
"动制",6,3
"局国家发展",7,2
" 动制定",3,2
"动制定",9,3
"超前布局",3,2
"集利用与封",4,1
"监管总局生",8,4
"局碳捕集利用",8,3
"局碳捕集",10,2
"前对于",4,2
"有深",3,1
"前对于CC",1,1
"于CC",6,3
"对于CC",6,3
"规模",2,1
"部分",2,1
"分中国CCUS ",2,2
"分中国CCUS",1,1
"中国CCUS ",3,3
"中国CCUS 项",1,1
"捕集市",5,1
"和天然气：石油和",7,2
"集市",2,1
"行业CCUS项目",2,1
"苏泰州公司5",20,3
"
研究及示范项",5,2
"与顿汉布什集团",1,1
"核心企业烟台冰轮股份有限公司",2,2
"日本荏原制作所",3,1
"合资成立“烟",5,2
"工业有",2,1
"地和塔里木盆",18,5
"鄂尔多斯盆",2,1
"尔多斯",1,1
"鄂尔多斯盆地",15,2
"于鄂尔多斯盆地",1,1
"据美国地质调查局U",2,1
"据美国地质调查局US",2,1
"地质调查局US",2,1
"家能源集团鄂尔多斯",5,1
"家能源集团鄂尔多斯 ",4,1
"
来技术学",2,1
"院和示范性能源学",14,7
"设一",2,1
" 。 各",6,1
"统一市",1,1
"游市场发展相对成熟；",1,1
"可 部",4,2
"见与监测体系，建立项",1,1
"键核心",1,1
"集关",13,3
"焦碳捕",7,3
"捕集关",5,2
"焦碳捕集关",2,2
"离出来，从而产",3,2
" 21 ",2,1
"放量 ",2,1
"术提供了难得的机会 ",3,2
"内蒙古自治区",2,1
"五计划期",7,3
"计划期间",24,10
"五计划期间",17,7
"五计划期间为",9,1
"计划期间为",7,1
"源及汇的地理位",1,1
"初期，加",2,2
"于这 ",1,1
"，加之",7,5
"东北部",1,1
"封存技术",4,3
"于这 些封存技术",2,2
"于这 些封",1,1
" 些",9,6
"中国东",3,2
" 些封存技术",1,1
" 些封",7,3
"些封",9,3
"中国东部、",3,1
" 些封存技术目",5,1
"些封存技术目",5,1
"土资
",6,2
"术部、",3,2
"术部、环保部、国土",4,1
"结合的",10,5
"计划期间，",26,9
"计划期间，建",11,4
"五计划期间，",7,4
"五计划期间，建",1,1
"2-E",1,1
"OR",1,1
"盆地都有适于C",10,2
"7 选定",17,4
"置优先试点",1,1
"的鄂尔多斯盆地和松辽",3,2
"地尝试",4,3
"盆地、西北",7,2
"区还集",5,3
"有计",3,2
"有计划地",1,1
"计划地",1,1
"需要对相关监管部",4,3
"范项目",7,4
"的核准条件以便项",1,1
"对相关监管部门的角",6,2
"相关监管部门的角",7,2
"，从而",1,1
"政府和",9,4
"要 ",4,2
"目管理部门应该及",1,1
"。 在",2,1
" 随着行",2,1
"。 先",10,2
"此同时，需要",1,1
"时，需要",12,3
"。 先行",1,1
"同时，需要",1,1
" 。 先",2,1
"早期CCS项目",1,1
"建设更广泛",2,1
"设更",2,1
"当考虑",2,1
"，用于",14,4
"期CC",5,1
"项目时，政府应当考虑",1,1
"CS项目",6,1
"业不会",5,3
"知技术风",5,2
"知技",3,1
"术风",2,2
"一定程度",2,1
"中国碳
捕集与封存项",3,2
"持将逐 ",2,1
" 。 随着碳捕集",3,1
" 。 随着碳捕集与",1,1
" 因而，有",3,1
"一些",3,1
"这表明，中国
",2,2
"们都已",5,3
"们都已进入成熟期，",5,3
"中国东北部地区",4,2
"中国东北部地区的鄂尔多斯盆地",4,2
"国东北部地区的鄂",4,1
"都具有适合于C",1,1
"东北部地区的鄂",5,1
"都具",6,2
"气开发投资项目 ",4,1
"本和C",5,2
"业的现",8,2
"气行业的现",1,1
"EOR项目",2,2
"在碳源条件良好的老油田部",1,1
"在碳源条件良好的老油田",1,1
"实现",1,1
"碳源",1,1
"尔多斯盆地已",9,2
"多斯盆地已",14,2
"多斯盆地已率",7,2
"斯盆地已",1,1
"地已",3,2
"多斯盆地已率先",6,2
"斯盆地已率",1,1
"匹配性",3,1
"噶尔盆地的碳",3,1
"模 化",4,1
"部以油田内",6,2
"主， ",2,1
"总体",1,1
"总体而",1,1
"模型的计",3,2
"个模型的计",5,4
"两个模型的计",1,1
"公开数",1,1
"模型的计算",1,1
"个模型的计算",1,1
"模型的",1,1
"本节将根",5,1
"节将根",1,1
"边有",1,1
"通过这",1,1
"批试",1,1
"认定",5,2
"国内清华大学",1,1
"清华大学在",10,3
"清华大学",5,1
"华大学在",7,4
"华大学在化",2,2
"通过示范工程",1,1
"践，提高",1,1
"提高",5,1
"践，提高了对",1,1
"任务：",6,3
"息化",4,1
"与绿氢",1,1
"施碳捕",2,1
"目，所在地及周边应具",3,2
"集利用与封存的项",1,1
"对加装",4,1
"施碳",4,1
"力度 ",1,1
"励金融机构为绿色低碳",1,1
"、利",14,4
"融机构为绿",7,3
"金融机构为绿",14,5
"融产",10,3
"融产品供给力",5,2
"化的综",1,1
"碳纯度达到",2,2
"的综",1,1
"年碳",2,1
"J/t",5,2
"收剂",2,1
"27GJ/t",1,1
"该项",1,1
"来二氧化碳场地",2,1
"的土壤退化，",4,2
"等，是",2,1
"国青海省西",5,4
"宁市三",1,1
"国青海省西宁市三",2,1
"国油田主",3,2
"CO2 ",15,4
"多斯盆地、 ",2,2
"油田主",3,2
"田主要",11,2
"田主要集中于",5,1
"田主要集中于松辽盆",5,1
"吨CO2 。 ",1,1
"中国深部",1,1
"部咸水层的C",15,3
"部咸水",10,1
"深部咸水",1,1
"咸水层的CO",9,1
"大于",6,1
"西、内",6,1
"各地区",2,2
"带、黄河流域和国家生",11,6
"结合区域",1,1
"区要结合区域",7,4
"区要",2,2
"湾区等",1,1
"带、黄",3,1
"区要结合",12,5
"要结合",10,3
"结合",3,2
"要结合区域",1,1
"带、",1,1
"型 。 长江经济 ",2,1
"S商业",3,2
"游市",1,1
"市场",2,1
"碳捕集与封存示范和部",1,1
"目是",1,1
"捕集与封存示范和部署",13,3
"nt）",13,4
"nd",2,1
"t）",3,1
"集与封存示范和部署路",6,2
"告所描述的",4,1
"封存基",1,1
"22个项",2,2
"2个项",2,1
" 
 对第一代碳捕",2,1
"厂CCUS项目的激励",3,2
"S项目",1,1
"出第二",2,1
" 对",2,1
"及CO",2,1
"第十个五年计划（2",2,1
"十个五年计划（",14,5
"转化与",3,1
"个五年计划（2",5,2
"十个",7,3
"十个五",5,2
"。 火",1,1
" 火电厂开始建设前大",1,1
"可以作为参",1,1
"批程序类",1,1
"期示范",1,1
"0项碳",3,1
"三五计划期间",4,1
"划期间，",7,3
"划期间，建",7,3
"东北的鄂尔多斯盆地和",5,2
"国东北的鄂尔多斯盆地",1,1
"行业布局的",2,1
"津冀地区、长江三",4,2
"江三",2,1
"项目群",25,3
"将为碳捕",14,3
"为碳捕集",11,3
"而对于",2,2
"激励",5,1
"激励国内石油企业
参",6,2
"捕集与封存项目需要",2,1
"集与封存项目需要",8,3
"架，为",2,1
"足和稳定的法律",2,1
"在商业化示范和部署",2,1
"素的不",3,1
"此，中国",3,1
"着碳捕集与",1,1
"与封存项目的商业",6,2
"、四川盆地和鄂",6,2
"四川盆地",5,1
"、四川盆地",1,1
"， 油",5,2
"部则以来自新疆地区内",4,2
" 西部坳",4,1
" 针对巨厚砾岩油气",25,10
" 针",9,5
"针对",6,3
" 针对",2,2
"针对巨厚砾岩油气",14,6
" 针对巨厚砾岩油气藏",7,3
"针对巨厚砾岩油气藏",7,3
"日报/",23,2
" 从30 ",2,1
"业链",2,1
"链CC",2,1
"能源转型舞
",2,1
"述工作为后续CC",3,2
"述工作为",1,1
"工作为后",3,1
"工作为",4,2
"作为后",2,2
"作为后续CC",1,1
"碳捕集装置",6,2
"碳捕集装置的",2,1
"碳捕集装置的气",7,2
"成功推动类似 CC",2,1
"若能成功",6,2
"若能",4,1
"建立的二",1,1
"定的二",3,2
"二氧",2,1
"存技术方",4,2
"项 ",4,2
"了我国二氧",2,1
"项 目",2,1
" 目",2,1
"级的",4,1
"的指导意见》《工",8,3
"升级",2,1
"升级的",3,2
"的指导意见》《工业和",1,1
" 公厅",1,1
"业和信",1,1
"河钢集团张家口张宣",2,1
"业：",1,1
"铁行",1,1
"5 ",1,1
"5 月，河钢集",1,1
"目每",2,1
"原初",4,3
" 具有每年10",1,1
" 具有",1,1
"林油田建成",3,1
"林油田建",3,1
"油田建成",5,3
"油田建成了",2,1
"油田建",1,1
"和信息化部等《",15,3
"展改革委科技部工业和",5,1
"改革委科技部工业",5,1
"支持沿",4,1
"度 。 ",5,1
"发债企",1,1
"市公司和发债",4,2
"上市公司和发债",1,1
"市公司和发",8,2
"上市公司和发",6,2
"公司和发",1,1
"集技术的部署",6,2
"行业）",1,1
"术的部署仍面临",5,1
"术的部署仍",7,3
"术的部署仍面",1,1
"技术的部署仍面临",1,1
"响因素包含技术",3,1
"术的成本发展",5,2
"在很大",2,1
"企业部",3,2
"，碳捕集技术的成本",3,2
"碳捕集技术的成本",1,1
"，碳",1,1
"高碳捕",14,4
"重视加强海外组专",2,1
"重视",6,2
"重视加",1,1
"重视加强海外组专利",5,1
"CCS-EOR项目",1,1
"临诸多",1,1
"CS-EOR项",2,2
"高（",1,1
"化、齐",4,2
"CS-EO",4,2
"S-",9,4
"-EO",1,1
"CS-",2,1
"S-EO",6,2
"2）到",2,1
"020 Mt",2,1
"十个五年计划（2",5,1
"一直致力于碳",1,1
"一直致",4,1
"基于国家科学技术计划",2,1
"捕集与封存试点项目的",1,1
"于国家科学技术计划的",5,2
"国家科学技术计划的对",5,2
"家科学技术计划的",2,1
"家科学技术计划的对",25,4
"科学技术计划的对碳",4,1
"家科学技术计划的对碳",1,1
"科学技术计划的对",8,2
"国大多数",3,1
"分注入",6,2
"分注",6,2
"分注入的CO",6,2
"，目前 油气田",3,1
"前 油气田",4,2
"，目前 油气田特",1,1
"还显示了",13,3
"项目拟",4,1
"供在鄂尔",12,5
"目拟从",4,1
"捕集C",1,1
"目拟从煤化工厂 捕集",1,1
"形 成项",4,2
"存项目的核准条",1,1
"以及",1,1
"目的核准条件以便项",2,2
"需要对相关监管部门的",18,3
"需要对",3,1
"了激",1,1
"激励国内石油企业",2,2
"了激励国内石油企业",2,2
"励国内石油企业
",1,1
"政策 ",10,3
"将其与",4,1
"其与",5,1
"过将其与",2,2
"政策 。",1,1
"在选择示范项目",1,1
"选择示范项目时",2,1
"择示范项目时",5,1
"示范项目时",7,2
"择示",2,1
"，为",1,1
"然构成",2,2
"构成",4,1
"成碳捕集",12,4
"与封存项目通常需",5,1
"集与封存项目通常需",2,1
"与封存项目通常",1,1
"8 上述估计将为整体",4,2
"估计将为",2,1
"8 上述估计将为",2,1
"对工厂",4,2
"8 上述估计",3,1
"对工厂的",3,2
" 上述估计",11,4
"上述估计",9,3
"而，有必",1,1
"2强化驱油技术是最",1,1
"田不适合CO",2,1
"而，所取",2,1
"东北部地",4,2
"部和东北部地区的一",5,1
"部和东北部地区",5,1
" 第一个",2,1
" 持",1,1
"目开",3,2
"争 。",2,1
"当地社区参与碳捕集与封存项目",3,3
"当地社区",1,1
"，建",2,2
"地社区参",3,2
"家和美",12,4
"社区参与",9,3
"地社区参与",4,2
"社区参",2,1
"用技",5,1
"用技术 已",5,1
"国油气藏和深部咸",1,1
"）10",4,3
"盆地东部",7,2
"盆地东",5,1
"地东部的煤化",4,1
"东部的煤化",4,1
" 作",5,2
"、规模最大的二",1,1
"内运输 距离最长、",1,1
"得益于国外在CCUS领域的前瞻性研究布局",2,1
"益于国外在CC",11,3
"于国外在CC",11,4
"on ",11,4
"于国外在",8,2
"益于国外在",2,1
"国外在CC",2,2
"项目、",2,1
"范围",12,2
"范围内",5,2
"范围内已有",9,1
"围内已有",2,1
"现协",5,2
"来，CC",8,4
"，CC",3,2
" 渤海湾盆",7,2
" 渤海湾盆地为我",2,1
"渤海湾盆地为我国东",3,1
"国能集团在煤耦合生物质发电试点项目",1,1
"国能集团",1,1
"能集团在",3,1
"能集团在煤",3,1
"团在煤耦",6,2
"在煤耦",1,1
"团在煤",5,1
"能源系统50",1,1
"能源系统",3,2
" 80 。",2,1
"团以华能",5,2
"气集团以华能",5,2
"、山西省、陕",6,1
"达20",15,5
"0 。 ",2,1
"古自治区、山西省、陕",2,1
"子行",2,1
"个煤电",9,3
"项目的建",2,2
"目的建",1,1
"的建",2,1
"9 月，",3,1
" 吨/年二 2",4,1
"部国家发展改革委",7,2
"炼化",5,2
"前布局碳",4,1
"局碳捕",5,1
"集利用与",10,5
"利用与",4,2
"局碳捕集利用与",1,1
"碳捕集利用",1,1
"家发展改革委",3,1
"展改革委 市场",5,1
"改革委 市场",5,1
"部分中国CC",4,1
"分中国CC",11,4
"二氧化碳流量是影响碳",1,1
"中国CC",7,3
"前我国在部分碳利用技",3,2
"的角度看不",2,1
"中国石油集团",1,1
"现该部",2,2
"油集团国家",18,6
"石油集团国家",6,3
"油集团国",4,2
"集团国家高",5,1
"集团国家",2,1
"油集团国家高",5,1
"亚洲最大火电二氧化碳捕集项目",2,2
"研究及",1,1
"洲最",1,1
"团江苏泰州公",8,1
"大火",4,1
"最大",6,4
"最大火",3,1
"万吨",1,1
"万吨/年碳",1,1
"万吨/",1,1
"  国",4,2
"些项目的",2,1
"项目的运",5,1
"建设大型碳",3,1
"的10年中，通过研",8,2
"具有",1,1
"10年中，通过研",1,1
" 截至2014",1,1
"目的投资",3,3
"于国家科学技术计",1,1
"目的投资一直",1,1
"于国家科",1,1
"分，我",1,1
"力行",2,2
"省内C",1,1
"和 山西的燃煤电厂",2,2
"燃煤",1,1
"目还将评",7,1
"目还",1,1
"还将评",2,1
"还将评 ",1,1
"评 ",3,1
"化部都",6,2
"保部、国土资
源部",2,1
"科学与技术部、环",1,1
" 36 虽",1,1
"类法规缺失可",6,4
" 36",2,1
"引发对",7,3
"法规",4,2
"法规缺失可",2,1
"法规缺失",1,1
"政府应该协助先行项目",1,1
"该协助先行项目规",5,1
"应该协助先行项目规",1,1
"碳捕集和封
存示范项",1,1
"、利用",1,1
"所有上述三个组成部",4,2
"被广泛",12,4
"有上述三个组成部分",6,2
"上述三个组成部分",8,4
"上述三个组成部分是",14,4
"述三个组成部分是",21,5
"三个",10,1
"三个组成部分是",20,5
"述三个",18,3
"述三个组成部分是相",16,4
"述三",4,2
"，为即",7,3
"框架，为即将推
广的",2,1
"国碳
捕集与封存项目",3,1
"美国能源部的贷款担保计划",1,1
"美国能源部",1,1
"国能源部的贷",4,1
"国能源部的",5,2
"能源部的贷",1,1
"厂的",5,2
"厂的运营方和石",1,1
"运营方和石油公司都",2,2
"运营方",10,4
"样的项",1,1
"中国",1,1
"其他许多正在推进碳捕",20,3
"他许多正在推进碳捕",5,1
"
体优化调度和内",7,3
"部利润分配两",4,1
"这两个模型的",4,2
"这两个模型",1,1
"这两",5,3
"这两个",2,1
"离的两",1,1
"最初的实验室",3,1
"防腐防气",3,1
"最初的实验室模拟，到",2,2
"最初的实验室模",1,1
"如今",3,2
"如今的吉",2,1
"走进吉林油田",2,1
"进吉林油田的",1,1
"质高",3,2
"林油田的CC",9,4
"油田的CC",17,5
"架 ",2,1
"外在CC",1,1
"海电 ",1,1
"个煤电万吨级吸附",1,1
"江公司",4,2
"捕集项目",2,1
"集项目",7,2
"集团浙江公司",5,1
"研究结果可为同类型碳捕集项目",2,2
"；碳捕",2,1
"关数",4,1
"相关数",4,1
"位于岛内中部核心",5,1
"在岛外建设同",2,1
"与本",2,1
"岛外建设同样规",6,3
"外建设同样规",2,1
"外建",4,1
"外建设同",1,1
"高昂的",1,1
"目附近",2,2
" 必",1,1
"CO2",2,1
"集能力",1,1
"目碳捕集能力",4,1
"目碳捕集能",1,1
"经济技",8,2
"目的落",1,1
"案馆呈现",1,1
"在零碳园区方案馆呈现",1,1
"贸会亮相的",6,3
"贸会亮相",7,2
"会亮相的",4,2
"会亮相",1,1
"但华东大部分区",1,1
"域与华南地区",1,1
"华东大部分区域",2,1
"华东大部分",3,2
"于近",1,1
"我国在部",2,2
"的不同",2,1
"在部分碳利",2,1
"部分碳利用",5,1
"部分碳利",5,1
"技术发展与项目实际情",1,1
"况上看，中国的",1,1
"展与项目实",1,1
"展与项",5,1
"根据国家统计局",1,1
"家统计局数",3,1
"家统计局数据",4,2
"家统",1,1
"目投产后，可实",1,1
"产后",1,1
"内第一台用在CC",3,3
"第一台",1,1
"国深部咸水层的",2,1
"O2 封存",2,1
"我国已投运项目",2,2
"国已投运项目多",4,2
"国已投运项目多数",4,2
"个 新",5,4
"已投运项目多",3,2
"已投",6,5
"国已投",1,1
"投运项目多数",6,4
"已投运项目多数",3,3
"投运项",5,1
"投运项目多",7,2
" 自2",2,1
"  三、十三五计划",2,1
"一直",2,1
"期碳",7,4
"国政府",7,3
"期碳捕
集",2,1
"捕
集与封存示范项目",4,2
"捕
集",4,2
"年，9个主要集",2,1
"年，9个主要集中在",4,1
"国家科",3,2
"国家科学",1,1
"全部采用了CO2",4,2
"0 作",1,1
"。 附录",3,1
"的碳捕",2,1
"0 作为路",2,1
"地不",5,1
"发改委、国家能源局",1,1
"如果中央政府能够牵头首个项目",2,2
"果中央政府能够",1,1
"然缺乏",4,1
"央政府能够",4,1
"如果每个项目",2,2
"存技术",3,2
"果每个项目平",3,2
"
集",2,1
"每个项目平",4,3
"个项目平均捕",1,1
"个项目平",2,2
"个项目平均",1,1
"着行业",1,1
"厂和",1,1
" 此举将为碳捕集",1,1
"此举将为碳",7,2
"举将为碳",3,1
"有上述三个组成部分是",2,1
"三个组成部分是相",1,1
"2强化",5,1
"O2强化",8,3
"大型的",1,1
"2强化驱",2,1
"的办法",4,1
"国家",5,2
"投资项目 ",11,2
"CCS",1,1
"旦目前正在建",1,1
"旦目前",3,1
"与准东地区",1,1
"新疆油田",1,1
"疆油田的电",2,1
"油田的电",11,4
"田的",3,1
"油田的",5,1
"疆油田的",1,1
"林油田CC",15,6
"吉林油田CC",7,2
"油田CC",1,1
"介质，",4,2
"进吉林油田的C",1,1
"吉林油田的C",2,1
"林油田的",7,2
"林油田的C",15,4
"藏 。 ",1,1
"油田的C",9,4
"印尼佳",2,1
"‘三低’",2,1
"吉林油田‘",5,1
"印尼佳布油田与吉",3,1
"吸附法",4,2
"“高效煤电CCU",2,1
"集团浙江",2,1
"成为我",1,1
"重要",1,1
"的落地",3,1
"以实现协",4,1
"以实现",4,1
"提高了对鄂尔",4,1
"和信息化部、国家",1,1
"《工业和信息化",3,2
"》《",1,1
"和碳捕",3,1
"供给力",3,1
"区性的",1,1
"的财政",5,2
"立针",1,1
"江省",1,1
"立针对CC",4,3
"圳、浙 江省",2,2
"US 的部",1,1
"圳、浙 江",3,2
"第一代捕集技术是指现阶段已完成工程",1,1
"进行",7,3
"一代捕集技术是",2,1
"一代捕集技术是指现阶",2,1
"一代捕集技",2,1
"捕集技术是指现阶段已",4,2
"代捕集技",3,1
"代捕集技术是指现阶段",1,1
"集团核",2,1
"集团核心",3,2
"轮集团核心",1,1
"团核",3,1
"团核心",3,1
"轮集团工",6,3
"评第五批国家",1,1
"评第",2,1
"轮集团工业设计中心获",3,1
"团工业设计中心获评第",3,1
"团工业",3,1
"部环境风 险主要是指",1,1
"局部地区",4,3
"部环境风 ",1,1
"部环",2,1
"尔 多斯盆地等盆地",1,1
"尔 多斯",6,1
"施城市节能降碳",1,1
"排放",1,1
"人才培养模式，鼓",1,1
"新人",3,2
"新人才培养模式，鼓",4,3
"院和示范性能",8,3
"励高",1,1
"人才培养模式，鼓励高",1,1
"低碳发展 。 各",3,1
"业结构偏 ",1,1
"在国家科技部",1,1
"项目，开",2,1
"家科技部指导",4,1
"家科技部指",4,1
"科技部指导",5,1
"科技部指",6,2
"科技部指导下，企、",1,1
"术、CO2-强化",2,1
"学以及大连理工大",9,3
"型、碳",11,4
"大学以及大连理",7,2
"
设试点项",4,2
"研发、建
设试点项",3,2
"建
设试点项",4,2
"过去",2,2
"封存的",2,1
"然，评估结果也表明中",2,1
"部、东",2,1
"项目还将",2,2
"都有",8,1
"通过有计划",2,2
"通过有计划地设置上述地区",2,2
"有计划地设置上述",3,2
"述地",7,3
"有计划地设置上述地",2,2
"有计划地设置",12,3
"计划地设置上述地区为",3,2
"有计划",5,2
"关注商业示范项目",3,1
"以及具有推广",3,1
"地区和珠江三角洲",2,1
"存示范项",6,3
" 此举",8,4
" 此举将",1,1
"和珠",6,3
"和珠江",3,1
"和珠江三角洲",6,2
"中期内，这些地区将",6,2
"方通常",6,2
"通常",2,2
"方通常将碳捕集与",1,1
"常将",1,1
"实体提供足够的",1,1
"值链的每个组成部分",1,1
"然构成碳捕集与封存",1,1
"然构成碳捕集",2,1
"构成碳捕",2,1
"构成碳捕集",5,3
"成碳捕",12,3
"碳捕集与封",3,1
"成碳捕集与封",1,1
"者需",7,2
"资者需",1,1
"要充足",5,1
"要充",5,1
"所有",1,1
"于一些油田来说",2,2
"还必须为上述项目",1,1
"必须为上述项目",5,2
"国东北部地区的",4,1
"CO2强化驱 油作业",1,1
"北部地区的鄂",5,1
"北部地区的",3,1
"价值等于项目",1,1
"税金及附加根据财政部",1,1
"金及附",4,1
"金及附加根据财政部和",4,1
"项目来",2,1
"DAS）等技术43（",2,1
"国外",5,1
"国外典",5,1
"围绕 西部坳",2,1
"岩油气",2,2
" 西",1,1
" 针对巨",1,1
"Shapley ",1,1
"外，联盟中的",1,1
"联盟中的成员i ",1,1
"从松辽盆地",2,2
"而是
",1,1
"”，而是
驱动油田焕",1,1
"松辽盆地的",4,2
"辽盆地的",11,4
"盆地的",8,2
"作为",2,2
"为后续",5,1
"为了全面评估燃煤电厂实施全流程碳捕集项目",1,1
"运行阶",4,2
"了全",2,1
"面评",5,1
"面评估",7,2
"学中国能",5,1
"中国能",5,1
