source,target,relation
"深部咸水层","技术方法","应用于"
"深部咸水层","探工程","应用于"
"深部咸水层","氧化碳地质储存示范工程","应用于"
"深部咸水层","氧化碳地质储存选址和灌注工程","应用于"
"深部咸水层","中国世纪议程管理中心","开发者"
"深部咸水层","我国油气藏和深部","开发者"
"深部咸水层","韩国深部","开发者"
"深部咸水层","中国深部","开发者"
"技术方法","吉林","位于"
"技术方法","长春","位于"
"技术方法","鄂尔多斯","位于"
"技术方法","北京","位于"
"计划项目","环境与资源学院","投资方"
"计划项目","河北","位于"
"计划项目","保定","位于"
"计划项目","北京","位于"
"计划项目","吉林","位于"
"计划项目","长春","位于"
"河北","保定","包含"
"河北","北京","包含"
"河北","吉林","包含"
"河北","长春","包含"
"河北","内蒙古","包含"
"保定","北京","包含"
"保定","吉林","包含"
"保定","长春","包含"
"北京","吉林","包含"
"北京","长春","包含"
"北京","河北","包含"
"吉林","长春","包含"
"吉林","北京","包含"
"长春","吉林","包含"
"计划","环境与资源学院","投资方"
"计划","河北","位于"
"计划","保定","位于"
"计划","北京","位于"
"计划","吉林","位于"
"计划","长春","位于"
"计划","有计划地设置","应用于"
"计划","有计划","应用于"
"内蒙古","鄂尔多斯","包含"
"内蒙古","伊金霍洛旗","包含"
"内蒙古","量建设鄂尔多","位于"
"内蒙古","建设鄂尔多","应用于"
"内蒙古","设鄂尔多","合作伙伴"
"内蒙古","吉林","包含"
"内蒙古","河北","包含"
"内蒙古","于巴彦淖尔 ","应用于"
"鄂尔多斯","伊金霍洛旗","包含"
"鄂尔多斯","内蒙古","包含"
"鄂尔多斯","吉林","包含"
"鄂尔多斯","鄂尔多","包含"
"神华集","团合作，","应用于"
"神华集","团合作，在内蒙古鄂尔","包含"
"神华集","神华集团合作，","开发者"
"中国地质调查局水","团合作，在内蒙古鄂尔","合作伙伴"
"神华集团合作，在","神华集","应用于"
"神华集团合作，在","团合作，","应用于"
"神华","神华集","开发者"
"神华集团","团合作，","合作伙伴"
"神华集团","神华集团合作，","应用于"
"这些目标靶区","这些目标靶区分布在个盆地","包含"
"这些目标靶区","鄂尔多斯","包含"
"这些目标靶区分布在个盆地","鄂尔多斯","包含"
"范 霍"," 鄂尔多","合作伙伴"
"术体"," 鄂尔多","开发者"
"术体系，可"," 鄂尔多","合作伙伴"
"些目标靶区分"," 鄂尔多","合作伙伴"
" 图 松辽盆地二"," 鄂尔多","应用于"
"松辽盆地二"," 鄂尔多","开发者"
"目标"," 鄂尔多","位于"
"目标靶区分布"," 鄂尔多","合作伙伴"
"氧化碳地质储存示范工程","鄂尔多斯","位于"
" 通过","高了对","位于"
"多斯深部咸","了对鄂尔","位于"
"多斯深部咸","通过示范工程","应用于"
"多斯深部咸","通过","开发者"
"通过","了对鄂尔","位于"
"通过","提高了对","开发者"
"通过","了对","包含"
"通过","践，提高","应用于"
"通过","提高","合作伙伴"
"通过","践，提高了对","开发者"
"通过","提高了对鄂尔","包含"
"提高了对鄂尔多斯深","提高了对","开发者"
"氧化碳地质储存选址和灌注工程","和鄂尔多斯盆地等典型地区","位于"
"氧化碳地质储存选址和灌注工程","鄂尔多斯","位于"
"和鄂尔多斯盆地等典型地区","鄂尔多斯","包含"
"二氧化","过 多光谱","应用于"
"二氧化","革委生态环","应用于"
"二氧化","东省生","开发者"
"二氧化","今的吉林油田CCUS","开发者"
"二氧化","的吉林油田CC","应用于"
"二氧化","质高","开发者"
"二氧化","内第一台用在CCUS","应用于"
"二氧化","内第一台用在CC","应用于"
"二氧化","第一台","应用于"
"技术方法体系，","技术方法体","位于"
"技术方法体系，","术方法体","包含"
"构建出综合","技术方法体","开发者"
"在构建区","在构建区域级盆地","包含"
"（）集成创","、示","应用于"
"建区","区域","开发者"
"建区","织实","包含"
"上，结合","区域","开发者"
"上，结合","建区域","应用于"
"建区域","织实","合作伙伴"
"构建","建区","包含"
"二氧化碳地质储存技术","技术方法","应用于"
"储存","技术方法","应用于"
"究领域","储存","包含"
"升 了我国二氧化"," 目建","应用于"
"部分项目","部分项目成果已被中国华能集团","投资方"
"项目成","分项目成","应用于"
"项目成","江东部","位于"
"沉积盆地二","项目成","应用于"
"目成果已","成果已","应用于"
"成果已","目成果已","应用于"
"煤层","工学院","开发者"
"煤层","封存和驱煤层气封存已达到部","开发者"
"煤层","早期项目","应用于"
"正式出","分专著","应用于"
"著正","专著正","开发者"
"著正","神华集","开发者"
"专著","专著正","合作伙伴"
"碳捕集","技术方法","应用于"
"碳捕集","等部","开发者"
"碳捕集","水泥窑全氧燃烧耦合低能耗碳捕集工程","应用于"
"碳捕集","张家口张宣科技公司","开发者"
"碳捕集","国内水泥行业规模最大的二氧化碳捕集项目","应用于"
"碳捕集","浙江公司","开发者"
"碳捕集","全球首套空气源碳捕集矿化一体化示范项目","应用于"
"碳捕集","榆林化学有限责任公司","开发者"
"碳捕集","锦界公司","开发者"
"碳捕集","和河南顺成集团","开发者"
"碳捕集","项目","应用于"
"碳捕集","钢铁项目","应用于"
"碳捕集","工业和信息化部","开发者"
"碳捕集","家能源局工业和","开发者"
"碳捕集","资源禀","应用于"
"碳捕集","国家发展改革委教育部","开发者"
"碳捕集","自然资源部","开发者"
"碳捕集","国家发展改革委财政部","开发者"
"碳捕集","推动对加装碳捕集利用与封存设施部","开发者"
"碳捕集","出要构建绿色低碳高质量发展空间格局","开发者"
"碳捕集","发挥中科院","开发者"
"碳捕集","武汉分院","开发者"
"碳捕集","中科院武汉分院、","应用于"
"碳捕集","科院武汉分院、","应用于"
"碳捕集","武汉分院、","开发者"
"碳捕集","院武汉分院、","包含"
"碳捕集","院武汉分院、华","包含"
"碳捕集","的示范工程","应用于"
"碳捕集","加大碳捕集利用与封存和清洁能源融合的工程","应用于"
"碳捕集","国家标准委国家发展改革委工业和信息化部","开发者"
"碳捕集","国家发展改革委工业和信息化部","开发者"
"碳捕集","-Sleipner咸水层封存项目","应用于"
"碳捕集","布局","开发者"
"碳捕集","信息化局","开发者"
"碳捕集","公司","开发者"
"碳捕集","CCUS项目","应用于"
"碳捕集","燃烧后捕集示范项目","应用于"
"碳捕集","中全链类CCUS项目","应用于"
"碳捕集","研究及示范项目","应用于"
"碳捕集","国家能源集团","开发者"
"碳捕集","江苏泰州公司","开发者"
"碳捕集","家能源集团江","应用于"
"碳捕集","能源集团江","应用于"
"碳捕集","能源集团江苏","合作伙伴"
"碳捕集","源集团江苏","开发者"
"碳捕集","该项目","应用于"
"碳捕集","是国内印染行业首个CCUS项目","应用于"
"碳捕集","杭州杭氧膨胀机有限公司","开发者"
"碳捕集","是国内第一台用在CCUS项目","应用于"
"碳捕集","和中国地质调查局","开发者"
"碳捕集","全球碳捕集与封存研究院","开发者"
"碳捕集","这些项目","应用于"
"碳捕集","了工程项目","应用于"
"碳捕集","了工程","应用于"
"碳捕集","管理能源项目","应用于"
"碳捕集","美国的碳捕集项目","应用于"
"碳捕集","为每个项目","应用于"
"碳捕集","与高不确定性又将进一步影响碳源企业部","开发者"
"碳捕集","其优化决策是一个面向长周期的复杂系统工程","应用于"
"碳捕集","这不仅进一步压缩了项目","应用于"
"碳捕集","术的关键科学与工程","应用于"
"碳捕集","重视加强海外组专利布局","开发者"
"碳捕集","知识产权保护格局","开发者"
"碳捕集","加强海外组专","应用于"
"碳捕集","视加强海外组专","开发者"
"碳捕集","强海外组专利布","应用于"
"碳捕集","本报告所描述的碳捕集与封存示范和部","开发者"
"碳捕集","在没有CCS示范与部署的国家计划","应用于"
"碳捕集","在没有CCS示范与部","开发者"
"碳捕集","以及大连理工大学","开发者"
"碳捕集","设试点项目","应用于"
"碳捕集","对第一代碳捕集与封存示范计划","应用于"
"碳捕集","的筛选标准以及降低示范项目","应用于"
"碳捕集","集与封存示范项目","应用于"
"碳捕集","个10万吨规模的项目","应用于"
"碳捕集","录1给出了一份潜在的煤基示范项目","应用于"
"碳捕集","由于大部","开发者"
"碳捕集","十三五计划期间为碳捕集与封存示范项目","应用于"
"碳捕集","十三五计划","应用于"
"碳捕集","和北部","开发者"
"碳捕集","给出了如附录2所示的初步的入围项目","应用于"
"碳捕集","分或全部","开发者"
"碳捕集","源部","开发者"
"碳捕集","和工业和信息化部","开发者"
"碳捕集","这类法规缺失可能导致在碳捕集与封存项目","应用于"
"碳捕集","是高风险项目","应用于"
"碳捕集","存示范项目","应用于"
"碳捕集","的核准条件以便项目","应用于"
"碳捕集","管理部门应该及时公开碳捕集与封存项目","应用于"
"碳捕集","及项目","应用于"
"碳捕集","化工领域发展510个早期CCS项目","应用于"
"碳捕集","先行碳捕集与封存项目","应用于"
"碳捕集","少项目","应用于"
"碳捕集","的税费负担并提高项目","应用于"
"碳捕集","广的碳捕集与封存项目","应用于"
"碳捕集","碳捕集与封存项目","应用于"
"碳捕集","随着碳捕集与封存项目","应用于"
"碳捕集","再继续某一碳捕集与封存示范项目","应用于"
"碳捕集","所有者可能还需要在项目","应用于"
"碳捕集","这可能更好地发挥项目","应用于"
"碳捕集","正在进行的试点项目","应用于"
"碳捕集","的国家一样中国需要为先行项目","应用于"
"碳捕集","在中国迈入第14个五年计划","应用于"
"碳捕集","为同类别中首批推向商业化计划的项目","应用于"
"碳捕集","3燃煤污染物减排国家工程","应用于"
"碳捕集","科学技术部","开发者"
"碳捕集","以油藏工程","应用于"
"碳捕集","设计工程","应用于"
"碳捕集","研发和示范项目","应用于"
"碳捕集","有限责任公司","开发者"
"碳捕集","煤制油分公司","开发者"
"碳捕集","以油田内部","开发者"
"碳捕集","则以来自新疆地区内部","开发者"
"碳捕集","农业与农村发展学院","开发者"
"碳捕集","本研究以全球碳捕集与封存研究院","开发者"
"碳捕集","集群部","开发者"
"碳捕集","环境科学与工程学院","开发者"
"碳捕集","限责任公司","开发者"
"碳捕集","界电厂碳捕集项目","应用于"
"碳捕集","由于该项目","应用于"
"碳捕集","本项目","应用于"
"碳捕集","电厂位于岛内中部","开发者"
"碳捕集","若在岛外建设同样规模碳捕集项目","应用于"
"碳捕集","纳入碳市场减排项目","应用于"
"碳捕集","中国科学院","开发者"
"碳捕集","国家能源局","开发者"
"碳捕集","收到编辑部","开发者"
"碳捕集","/年碳","应用于"
"碳捕集","源集团江苏泰州公司5","包含"
"碳捕集","齐鲁石化-胜利油田百万吨级CCUS项目","应用于"
"碳捕集","根据美国地质调查局","开发者"
"碳捕集","我国二氧化碳捕集技术总体上已在大部","开发者"
"碳捕集","，亟需","开发者"
"碳捕集","来，亟","位于"
"碳捕集","来，亟需","应用于"
"碳捕集","和示范项目","应用于"
"碳捕集","在全球碳捕集与封存研究所","开发者"
"碳捕集","全球碳捕集与封存","应用于"
"碳捕集","碳捕集和封存部","开发者"
"碳捕集","像许多其他正在开","开发者"
"碳捕集","像许多其他正在开展","开发者"
"碳捕集","像许多其他正在开展碳","开发者"
"碳捕集","建议将碳捕集和封存法规与现有的项目","应用于"
"碳捕集","碳捕集和封存法规与现","应用于"
"碳捕集","捕集和运输给石油公司","开发者"
"碳捕集","吉林油","开发者"
"碳捕集","的“","应用于"
"碳捕集","林油","开发者"
"碳捕集","现阶段国内电厂碳捕集项目","应用于"
"碳捕集","家能源","开发者"
"碳捕集","改革委国家能源","合作伙伴"
"碳捕集","源禀赋","开发者"
"碳捕集","能源局工业和","合作伙伴"
"碳捕集","禀赋","应用于"
"碳捕集","化部国家发展改革委教","合作伙伴"
"碳捕集","实施碳捕集利用与封存的项目","应用于"
"碳捕集","开展绿色低碳示范项目","应用于"
"碳捕集","将在加速和部","开发者"
"碳捕集","碳捕集技术的部","开发者"
"碳捕集","参与早期的示范项目","应用于"
"碳捕集","在商业化示范和部","开发者"
"碳捕集","捕集与封存项目","应用于"
"碳捕集","聚焦盆地东部","开发者"
"碳捕集","有限公司","开发者"
"碳捕集","自第十个五年计划","应用于"
"碳捕集","每个碳捕集与封存项目","应用于"
"碳捕集","中国西北和西部","开发者"
"碳捕集","正如研究院","开发者"
"碳捕集","虽然构成碳捕集与封存价值链的每个组成部","开发者"
"碳捕集","这些安排的关键在于对每个公司","开发者"
"碳捕集","工厂的运营方和石油公司","开发者"
"碳捕集","应当加强对项目","应用于"
"碳捕集","超前布局","开发者"
"碳捕集","生态环境部","开发者"
"碳捕集","苏泰州公司5","应用于"
"碳捕集","需要对相关监管部","开发者"
"碳捕集","国内清华大学","开发者"
"碳捕集","碳捕集与封存示范和部","开发者"
"碳捕集","碳捕","应用于"
"碳捕集","支持沿","合作伙伴"
"碳捕集","度 。 ","应用于"
"碳捕集","CCS-EOR项目","应用于"
"碳捕集","基于国家科学技术计划","应用于"
"碳捕集","在选择示范项目","应用于"
"碳捕集","成碳捕集","应用于"
"碳捕集","当地社区参与碳捕集与封存项目","应用于"
"碳捕集","得益于国外在CCUS领域的前瞻性研究布局","开发者"
"碳捕集","
研究及示范项","应用于"
"碳捕集","亚洲最大火电二氧化碳捕集项目","应用于"
"碳捕集","政府应该协助先行项目","应用于"
"碳捕集","该协助先行项目规","包含"
"碳捕集","应该协助先行项目规","应用于"
"碳捕集","所有上述三个组成部","开发者"
"碳捕集","研究结果可为同类型碳捕集项目","应用于"
"碳捕集","我国已投运项目","应用于"
"碳捕集","如果中央政府能够牵头首个项目","应用于"
"碳捕集","如果每个项目","应用于"
"碳捕集","项目群","应用于"
"碳捕集","此举将为碳","开发者"
"碳捕集","为了全面评估燃煤电厂实施全流程碳捕集项目","应用于"
"工程 ","环境","开发者"
"工程 ","而 技术","应用于"
"工程 ","技术","应用于"
"而 技术","技术","应用于"
"而 技术","环境地质","包含"
"技术","技术在","合作伙伴"
"技术","技术的部署仍","合作伙伴"
"技术","集技术的部署仍","应用于"
"技术","技术的部署","开发者"
"技术","0 年","包含"
"技术","技术风","包含"
"技术","术风","包含"
"而 技","技术","位于"
"技术在"," 技术在我","应用于"
" 技术","技术","合作伙伴"
" 技术在","技术在","包含"
" 技术在"," 技术在我","包含"
" 技术在","技术在我","位于"
"工业和信息化部","等八部","合作伙伴"
"工业和信息化部","等七部","合作伙伴"
"等八部","等七部","合作伙伴"
"等八部","部等七","开发者"
"制造业","部等八部","包含"
"和信","信息化部、国家发","包含"
"和信","和信息化部、国","包含"
"见》","业和信息化部、国","应用于"
"业和信息化部、国","《工业和信息化","包含"
"见》《","业和信息化部、国","开发者"
"见》《","和信息化部、国","合作伙伴"
"见》《","和信息化部、国家","包含"
"发展改革委等部门关","内蒙古","开发者"
"发展改革委等部门关","展改革委等部门关","包含"
"发展改革委等部门关 ","内蒙古","应用于"
"发展改革委等部门关 ","发展改革委等部门关","应用于"
"发展改革委等部门关 ","家发展改革委等部门关","应用于"
"展改革委等部门关 ","发展改革委等部门关","应用于"
"东省","北京","包含"
"二氧化碳捕集利用与封存技术","等部","开发者"
"封存","等部","开发者"
"封存","信息化","合作伙伴"
"封存","-Sleipner咸水层封存项目","应用于"
"封存","以及大连理工大学","开发者"
"封存","对第一代碳捕集与封存示范计划","应用于"
"封存","集与封存示范项目","应用于"
"封存","录1给出了一份潜在的煤基示范项目","应用于"
"封存","的核准条件以便项目","应用于"
"封存","面管理计划","应用于"
"封存","碳封存","包含"
"封存","3燃煤污染物减排国家工程","应用于"
"封存","碳封存技术指通过工程","应用于"
"封存","中国科学院","开发者"
"封存","国家能源局","开发者"
"封存","封存和驱煤层气封存已达到部","开发者"
"封存","建议将碳捕集和封存法规与现有的项目","应用于"
"封存","目前我国在部","开发者"
"封存","参与早期的示范项目","应用于"
"封存","自第十个五年计划","应用于"
"封存","和北部","开发者"
"封存"," 些","应用于"
"封存","当地社区参与碳捕集与封存项目","应用于"
"封存","所有上述三个组成部","开发者"
"封存","如果中央政府能够牵头首个项目","应用于"
"封存","如果每个项目","应用于"
"快推","快推广应 用低成本","合作伙伴"
"围绕C","快推广应 用低成本","应用于"
"围绕C","推广应 ","应用于"
"US）相关术语","推广应 用低成本","应用于"
"推广应 用","推广应 用低成本","包含"
"推广应 用","推广应 ","开发者"
"广应 用","广应 ","包含"
"/OL","的全氧燃","合作伙伴"
"/OL","示范项","位于"
"的全氧燃","示范项","包含"
"治区人民政府 3","的全氧燃","包含"
"治区人民政府 3","示范项","包含"
"示范项","目的核准条件以便项","应用于"
"示范项","需要对相关监管部","开发者"
"示范项","需要对相关监管部门的","开发者"
"宁东基","的全氧燃","应用于"
"tps","联水泥","应用于"
"司 建","”示范工程 202","开发者"
"国内水泥行业规模最大的二氧化碳捕集项目","河北","位于"
"主研发","mentrenc","应用于"
"主研发","水泥行业规","应用于"
"主研发","泥行业规","开发者"
"主研发","泥行业规模","开发者"
"主研发","水泥行业规模","开发者"
"主研发","泥行","合作伙伴"
"主研发","水泥行","应用于"
"水泥行","mentrenc","合作伙伴"
"水泥行","泥行业规模","合作伙伴"
"水泥行","泥行","包含"
"泥行业规","水泥行业规","开发者"
"泥行业规","水泥","应用于"
"水泥行业规","泥行业规","合作伙伴"
"水泥行业规","nc","包含"
"水泥","泥行业规模","包含"
"水泥","泥行","包含"
"泥行","水泥行","应用于"
"水泥行业","泥行","包含"
"enc","泥行","开发者"
"球首套空","球首","包含"
"球首套空气源碳捕集矿","球首","合作伙伴"
"球首套空气源碳捕集矿","球首套空","包含"
"州落地","球首套空","应用于"
"州落地","球首","开发者"
"首套空气源碳捕集矿","球首","应用于"
"首套空气源碳捕集矿","首套空气","应用于"
"首套空气源碳捕集矿化","首套","合作伙伴"
"首套","球首","应用于"
"捕集矿化","首套","应用于"
"州落地，实","球首","开发者"
"球首套","球首","合作伙伴"
"套空气源碳捕集矿化","套空气","包含"
"空气源碳捕集矿化","套空气","合作伙伴"
"空气源碳捕集矿化","空气","合作伙伴"
"二氧化碳运输技术","有限公司","开发者"
"运输","有限公司","开发者"
"运输","从技术发展与项目","应用于"
"运输","心部","开发者"
"运输","大部","开发者"
"世顺公司","世顺公司与钢管研究院","合作伙伴"
"同时，中","同时，中油宝
世顺公","位于"
"同时，中","同时","应用于"
"同时，中","油宝
世顺公司","合作伙伴"
"同时，中","时，中油宝
世顺公司","合作伙伴"
"同时","同时，中油宝
世顺公","合作伙伴"
"时，","时，中油宝
","开发者"
"时，","油宝
","包含"
"时，","时，中油宝
世顺公司","开发者"
"时，","中油宝
世顺公司与","合作伙伴"
"时，","油宝
世顺公司与","开发者"
"时，","时，需要","包含"
"体系快"," 公","应用于"
"碳封存","我国东部","开发者"
"碳封存","和冰岛碳封存公司","开发者"
"碳封存","全球碳捕集与封存研究院","开发者"
"碳封存","碳封存委员会预计","合作伙伴"
"碳封存","碳封存技术指通过工程","应用于"
"碳封存","从目前国外典型碳封存项目","应用于"
"碳封存","目前我国在部","开发者"
"碳封存","每年美国有200多个CO2强化驱油项目","应用于"
"碳封存","田二氧化碳开发公司","开发者"
"碳封存","项目","应用于"
"碳封存","武汉分院","开发者"
"碳封存","国家发展改革委工业和信息化部","开发者"
"com","8 中国","应用于"
"氧化碳","线位","应用于"
"氧化碳","地区开展了","合作伙伴"
"氧化碳","地制","应用于"
"氧化碳","原创性、引领性的创","开发者"
"氧化碳","区性","开发者"
"氧化碳","9 月，","开发者"
"氧化碳"," 吨/年二 2","开发者"
" 。","目将","位于"
" 。","的部署","应用于"
" 。","区还集","应用于"
" 。","与封存项目通常需","开发者"
" 。","集与封存项目通常需","开发者"
" 。","与封存项目通常","位于"
" 。","集与封存项目通常","合作伙伴"
"fi","示范工作 。 例","合作伙伴"
"fi","究和示范工作 。 例","开发者"
"fi","如，海南省开","应用于"
"如，海南省开","存二氧化碳的试验","包含"
"存二氧化碳的","如，海南省开","开发者"
"研究和示范","海南省开","包含"
"术研究和示范","南省开","包含"
"术研究和示范","海南省开","合作伙伴"
"03-","13 2025-","位于"
"03-","13 2025-03","包含"
"B/","B/O","包含"
"b72","B/O","应用于"
"b72","3-0","开发者"
"能源集","B/O","应用于"
"/O","B/O","开发者"
"成为全国首批绿色低碳示范项目","内蒙古","位于"
"上海高等研究院","上海高研院","合作伙伴"
"煤烟气","ducn/","应用于"
"项目","中国海油新能源部","投资方"
"项目","项目建成后有望成为吉林省","位于"
"项目","吉林","位于"
"项目","鄂尔多斯","位于"
"项目","北京","位于"
"项目","在国家科技部","投资方"
"由3","由3 个分项目","包含"
"由3 个分项目","3 个分项目","包含"
"0 万","由3 个分项目","开发者"
"3 个分项目构","3 个分项目","应用于"
"我国准噶尔盆地","鄂尔多斯","包含"
"我国准噶尔盆地","内蒙古","包含"
"我国准噶尔盆地","吉林","包含"
"准噶尔盆地、松","内蒙古","包含"
"准噶","尔多斯盆","包含"
"准噶","噶尔盆地、松","应用于"
"国家发展改革委科技部","工业和信息化部","合作伙伴"
"发展改革委科技部工","业和信息化部等","应用于"
"家发展改革委科技部工","业和信息化部等","包含"
"循环耦","业和信息化部等","开发者"
"循环耦","展改革委科技部工","开发者"
"循环耦","和信息化部等《","应用于"
"展改革委科技部工业","展改革委科技部工","包含"
"展改革委科技部工业","和信息化部等《","包含"
"发展改革委科技部工业","展改革委科技部工","开发者"
"发展改革委科技部工业","和信息化部等《","应用于"
"二氧化碳高效低成本捕集的先进技术","二氧化碳资源化利用及固碳示范项目","应用于"
"化碳资源化利","用新工","开发者"
"捕集","用新工","开发者"
"捕集","用新工艺、","应用于"
"捕集","自然资源部","开发者"
"捕集","家能源集团江","应用于"
"捕集","能源集团江","合作伙伴"
"捕集","了工程项目","应用于"
"捕集","了工程","应用于"
"捕集","美国的碳捕集项目","应用于"
"捕集","与高不确定性又将进一步影响碳源企业部","开发者"
"捕集","其优化决策是一个面向长周期的复杂系统工程","应用于"
"捕集","这不仅进一步压缩了项目","应用于"
"捕集","这类法规缺失可能导致在碳捕集与封存项目","应用于"
"捕集","项目","应用于"
"捕集","技术是指通过化学和物理等方法","应用于"
"捕集","我国二氧化碳捕集技术总体上已在大部","开发者"
"捕集","来，亟","应用于"
"捕集","，亟需","位于"
"捕集","，亟","开发者"
"捕集","来，亟需","应用于"
"捕集","亟需","合作伙伴"
"捕集","全球碳捕集与封存","应用于"
"捕集","像许多其他正在开展碳","合作伙伴"
"捕集","开展碳","合作伙伴"
"捕集","现阶段国内电厂碳捕集项目","应用于"
"捕集","化部国家发展改革委教","位于"
"捕集","碳捕集技术的部","开发者"
"捕集","自第十个五年计划","应用于"
"捕集","中国西北和西部","开发者"
"捕集","22个项目","应用于"
"捕集","供在鄂尔","开发者"
"捕集","类法规缺失可","应用于"
"捕集","像许多其他正在开展","应用于"
"捕集","我国已投运项目","应用于"
"捕集","第一代捕集技术是指现阶段已完成工程","应用于"
"用新","用新工","包含"
"用新","用新工艺、","应用于"
"、建材","氧化","开发者"
"、建材","二氧化","应用于"
"、建材","括二氧","应用于"
"、建材等行","氧化","应用于"
"资源禀","家能源局工业和","包含"
"资源禀","源禀","位于"
"资源禀","能源局工业和","包含"
"资源禀","业和","包含"
"资源禀","能源局工业","合作伙伴"
"集利","源禀","合作伙伴"
"集利","部国家发展改革委教育","位于"
"集利","息化部国家发展改革委","开发者"
"集利","监管总局生","开发者"
"捕集利","源禀","开发者"
"捕集利","化部国家发展改革委教","应用于"
"捕集利","部国家发展改革委教育","应用于"
"捕集利","氢炼","开发者"
"捕集利","息化部国家发展改革委","开发者"
"捕集利","化部国家发展改革委","位于"
"捕集利","化部国家发展改革","合作伙伴"
"捕集利","碳捕集利用与","开发者"
"捕集利","监管总局生","应用于"
"捕集利","部国家发展改革委","包含"
"捕集利","前布局碳","开发者"
"CC","能源局工业","应用于"
"CC","业和","合作伙伴"
"CC","理中心、中国科","包含"
"CC","有CC","开发者"
"CC","能源局工业和","包含"
"CC","对于CC","合作伙伴"
"CC","于CC","开发者"
"业和","和信息化厅福建省发","开发者"
"业和","和信息化部、国","包含"
"二氧化碳捕集利用与封存等技术","国家发展改革委教育部","开发者"
"集利用","化部国家发展改革委教","合作伙伴"
"集利用","部国家发展改革委教","合作伙伴"
"集利用","炼化、二氧化碳捕集","合作伙伴"
"集利用","捕集利用","开发者"
"集利用","监管总局生","包含"
"集利用","局碳捕集利用","合作伙伴"
"集利用","局碳捕集","位于"
"集利用","化部国家发展改革委","应用于"
"集利用","部国家发展改革委","位于"
"集利用","炼化","位于"
"集利用","局碳捕","开发者"
"捕集利用","部国家发展改革委教","位于"
"捕集利用","化部国家发展改革委教","开发者"
"捕集利用","局碳捕集利用","应用于"
"利用","炼化、二氧化碳捕集","开发者"
"利用","集利用","包含"
"利用","捕集利用","应用于"
"利用","从技术发展与项目","应用于"
"利用","目前我国在部","开发者"
"利用","局碳捕集利用","包含"
"利用","局碳捕集","开发者"
"利用","炼化","应用于"
"利用","息化部国家发展改革委","包含"
"利用","我国在部","开发者"
"CUS","CU","包含"
"CUS"," CCUS 可支","应用于"
"CUS","c-zh0pd","应用于"
"CUS","油藏工程 ","应用于"
"CUS","油藏工程 方案","开发者"
"CUS","藏工程 ","开发者"
"CUS","藏工","开发者"
"国家发展改革委工业和信息化部","自然资源部","合作伙伴"
"持内蒙","建设 鄂","应用于"
"持内蒙","然资源部等","包含"
"家发展改革委工业","建设 鄂","合作伙伴"
"家发展改革委工业","然资源部等","包含"
"家发展改革委工业","部等","应用于"
"业和信息化部自","部等","应用于"
" 支","持内蒙","开发者"
"支持内","支持内蒙","合作伙伴"
"支持内蒙","持内蒙","应用于"
"齐二氧化碳资源","集 发电系统协同、","应用于"
"氧 化","加装碳捕集","合作伙伴"
"国家发展改革委国家能源局","国家数据局","合作伙伴"
"家发展改","源局国家","位于"
"家发展改革委国家","家发展改革委国","开发者"
"家发展改革委国家","发展改革委国家","合作伙伴"
"家发展改革委国","家能源局国","合作伙伴"
"掺烧、","发展改革委国家","应用于"
"发展改革委国家","发展改革委国家能","位于"
"发展改革委国家","展改革委国家","包含"
"发展改革委国","发展改革委国家","开发者"
"江苏省","工业和信息化厅江苏省","包含"
"江苏省","发展和改革委员会江苏省","包含"
"工业和信息化厅江苏省","发展和改革委员会江苏省","包含"
"山东省","科学技术厅山东省","包含"
"山东省","发展和改革委员会山东省","包含"
"山东省","行政区","包含"
"山东省","建设绿色低碳高质量发展先行区","包含"
"科学技术厅山东省","发展和改革委员会山东省","包含"
"学技术厅山东省发","和改","应用于"
"学技术厅山东省发展和","和改","应用于"
"省科","学技术厅山东省发","包含"
"省科","省科学技术厅山东省","合作伙伴"
"省科","科学技术厅山东省","开发者"
"捕集、生物能","省科","应用于"
"山西省","科学技术厅山西省","包含"
"山西省","发展和改革委员会山西省","包含"
"科学技术厅山西省","发展和改革委员会山西省","包含"
"学技术厅山西省发","展和改","包含"
"学技术厅山西省发","展和","应用于"
"西省科","展和","包含"
"展和","展和改","包含"
"展和","展和改革委员会山西省","包含"
"展和","和改革委员会山西省工","合作伙伴"
"能耗、大 ","和改革委员会山西省工","开发者"
"能耗、大 ","展和","开发者"
"，前瞻","和改革委员会山西省工","应用于"
"科学技","科学","开发者"
"科学技","科学技术厅山西省发展","应用于"
"科学技","科学技术计划的对","开发者"
"科学","科学技术厅山西省发展","开发者"
"科学","学技术厅山西省发展","包含"
"科学","集中 在减","位于"
"福建省","工业和信息化厅福建省","包含"
"福建省","发展和改革委员会福建省","包含"
"工业和信息化厅福建省","发展和改革委员会福建省","包含"
"业和信息化厅福建省发","展和","合作伙伴"
"业和信息化厅福建省发","展和改","包含"
"业和信息化厅福建省发","和改","包含"
"建省生","展和","开发者"
"建省生","展和改","应用于"
"省工业和","和信息化厅福建省发","开发者"
"省工业和","工业","包含"
"和信息化厅福建省发","和改革","开发者"
"和信息化厅福建省发","和改革委员会福建省生","合作伙伴"
"和信息化厅福建省发","和改","包含"
"省工","和信息化厅福建省发","包含"
"工业和","改革","应用于"
"工业和","工业","开发者"
"工业和信","改革","开发者"
"经济和信息化厅四川省","生态环境厅四川省","包含"
"加强建","强对重点项 目建","应用于"
"广东省","发展和改革委员会广东省","包含"
"广东省","科学技术厅广东省","包含"
"发展和改革委员会广东省","科学技术厅广东省","包含"
"工业和信息化厅安徽省","发展和改革委员会安徽省","包含"
"发展和改革委员会安徽省","能源局关于印发安徽省","包含"
"发展和改革委员会安徽省","零碳产业园区","包含"
"、低温","封存","开发者"
"湖北省","住房和城乡建设厅湖北省","包含"
"湖北省","经济和信息化厅湖北省","包含"
"住房和城乡建设厅湖北省","经济和信息化厅湖北省","包含"
"改造升","信息化厅湖北省发展","开发者"
"代燃料","快工业","包含"
"代燃料","快工","包含"
"发挥中科院","武汉分院","合作伙伴"
"中科院武汉分院、","科院武汉分院、","包含"
"的示范工程","发展和改革委员会安徽省","位于"
"的示范工程","能源局关于印发安徽省","位于"
"能源局关于印发安徽省","零碳产业园区","包含"
"地制","制宜","合作伙伴"
"地制宜","制宜","包含"
"家标准委国","业和信息化部等","合作伙伴"
"陆上封","业和信息化部等","应用于"
"陆上封","家标准委国家发","开发者"
"标准委国","信息化部等","开发者"
"标准委国","标准委国家","应用于"
"和标准","点制修订","应用于"
"和标准","修订直","应用于"
"和标准","委工业和信","开发者"
"制修","修订直","包含"
"修订直","技术要 市场监督","应用于"
"修订","修订直","开发者"
"国家发展改革委市场监管总局","生态环境部","合作伙伴"
" 。 ","发展改革委市场","开发者"
" 。 ","外的 鄂","开发者"
" 。 ","内蒙古","开发者"
" 。 ","议将碳","应用于"
" 。 ","碳捕集和封存法规与现","应用于"
" 。 ","将碳捕","开发者"
" 。 ","碳捕","合作伙伴"
" 。 ","中国碳
捕集与封存项","开发者"
" 。 ","持将逐 ","应用于"
" 。 "," 。 随着碳捕集","合作伙伴"
" 。 "," 。 随着碳捕集与","包含"
"发展改革委市场","展改革委市场","包含"
"的团体","展改革委市场","应用于"
"展改","生态环境部","应用于"
"东省生","革委生态环","合作伙伴"
"）等温室 国","生态","应用于"
"四川省","发展和改革委员会四川省","包含"
"四川省","生态环境厅四川省","包含"
"发展和改革委员会四川省","生态环境厅四川省","包含"
"落实碳","省发","开发者"
"落实碳","上降","开发者"
"落实碳","制定","应用于"
"制定","动制定","合作伙伴"
"制定"," 动制定","位于"
"落实碳捕","制定","开发者"
"落实碳捕","省生态环境厅四川","包含"
"支持国家碳达峰试点城市","和园区","包含"
"模化碳","国家碳","位于"
"模化碳","国家碳达峰试点城市","应用于"
"模化碳","国家碳达","位于"
"模化碳","碳达","包含"
"励金","度 。","包含"
"排技术","励金融机构为","应用于"
"排技术","融产品","开发者"
"排技术","金融机构为绿","开发者"
"排技术","融机构为绿","应用于"
"首个","施 了全球首个CC","应用于"
"成 立","施 了全球首个CC","开发者"
"成 立","上世纪90 年代，","开发者"
"麻省理工学院发","施 了全球首个CC","合作伙伴"
"中半数","100 个处于不","应用于"
"项目，","的发","开发者"
"项目，"," 4 张贤、杨晓亮、","开发者"
"项目，"," 4","开发者"
"地区","北京","包含"
"地区","存示范项","包含"
"性的财","性的","开发者"
"性的财","区性的","应用于"
"的财","性的","应用于"
"的财","的财政","开发者"
"CCU","CC","包含"
"CCU","源转","开发者"
"CCU","0 年","合作伙伴"
" 20","CC","包含"
" 20","0 ","应用于"
"0 ","CC","位于"
"同时，明确C","CCU","应用于"
"同时，明确C","接补","位于"
"同时，明确C","构对","包含"
"同时，明确CCUS"," 。","合作伙伴"
"同时，明确CCUS","同时，明确CCU","应用于"
"同时，明确CCUS","S 项目","开发者"
"同时，明确CCU","S 项目","开发者"
"同时，明","同时，明确CCUS","应用于"
"同时，明","时，明确CCUS","包含"
"同时，","同时，明确CCU","应用于"
"同时，","同时，明确CCUS","应用于"
"词：","词：碳","包含"
"词：","词：CC","合作伙伴"
"I 103","管道；压","包含"
"究结","究结果","合作伙伴"
"究结","结果","包含"
"结果","结果可","开发者"
"结果","究结果可","应用于"
"碳利用","公司","开发者"
"碳利用","从技术发展与项目","应用于"
"碳利用","现阶段国内电厂碳捕集项目","应用于"
"碳利用","目前我国在部","开发者"
"碳利用","国家发展改革委工业和信息化部","开发者"
"碳利用","研究结果可为同类型碳捕集项目","应用于"
"碳利用","我国在部","开发者"
"减排；","资（7500 万美","应用于"
"排；","资（7500 万美","应用于"
"公司，","外相","开发者"
"开发商","相关案例 ","应用于"
"开发商","材料强度的同时可封","开发者"
"开发商","外相关案例 ","开发者"
"相关案例 ","材料强度的同时可封","包含"
"关案例 ","相关案例 ","应用于"
"关案","关案例 ","包含"
"关案","关案例","包含"
"关案例","关案例 ","开发者"
"碳捕获","CCUS项目","应用于"
"碳捕获","燃烧后捕集示范项目","应用于"
"碳捕获","工程","应用于"
"S项","CUS项","应用于"
"US","S项","合作伙伴"
"US","圳、浙 江省","应用于"
"US","立针对CC","应用于"
"US项","S项","应用于"
"类以及"," 从技术","应用于"
"术分类","从技术 行的项","开发者"
"术分类","行业CCUS项目","应用于"
"研究及示范项目","国家能源集团","投资方"
"研究及示范项目","江苏泰州公司","投资方"
"国家能源集团","江苏泰州公司","合作伙伴"
"国家能源集团","鄂尔多斯","位于"
"能源集团江","家能源集团江","开发者"
"家能源集团江","能源集团江","包含"
"家能源集团江","苏泰州公司5","合作伙伴"
"该项目","鄂尔多斯","位于"
"该项目","内蒙古","位于"
"/t ","目是国内","开发者"
"/t ","国内","合作伙伴"
"/t ","是国内","应用于"
"/t ","能力","开发者"
"/t ","项目是国","开发者"
"/t ","项目是","应用于"
"目是国内","国内","合作伙伴"
"目是国","目是国内","包含"
"目是国","国内","合作伙伴"
"目是国","能力","合作伙伴"
"国内","lti","包含"
"剂再","目是国内","合作伙伴"
"剂再","国内","合作伙伴"
"剂再","是国内","包含"
"是国","是国内","位于"
"收剂再","是国内","应用于"
"收剂再","能力","开发者"
"收剂再","是国","应用于"
"能力","目是国内","应用于"
"剂再生","是国内","应用于"
"苏泰州","功 。 国家","位于"
"苏泰州","目机组运行成","合作伙伴"
"目投","目投产","包含"
"国际领","目投产","应用于"
"国际领","投产","应用于"
"国内开","经验","包含"
"国内开"," 齐","应用于"
"国内开"," 齐鲁","应用于"
"国内开"," 齐鲁石","应用于"
"国内开","齐鲁石","开发者"
" 齐鲁"," 齐","位于"
" 齐鲁","齐鲁石","包含"
" 齐鲁石","鲁石","包含"
"齐鲁石","鲁石","包含"
"齐鲁石"," 齐鲁石","应用于"
"齐鲁","齐鲁石","位于"
"齐鲁"," 齐鲁石","应用于"
"内第一台用在","内第一","合作伙伴"
"内第一台用在","内第一台用在CCUS","应用于"
"内第一","第一台用在CC","位于"
"内第一","内第一台用在CC","应用于"
"一台","一台用在CC","包含"
"第一台用","一台用在CC","合作伙伴"
"一台用","一台用在CC","合作伙伴"
"一台用","第一台用在CC","开发者"
"我国青海省","西宁市","包含"
"青海省西","海省西宁市三合镇的天","包含"
"青海省西","国青海省西","应用于"
"和准噶尔盆地","鄂尔多斯","包含"
"和准噶尔盆地","和塔里木盆地","包含"
"于松辽盆 地","油田主要","包含"
"油田主要","CO2 ","合作伙伴"
"中国气藏主要分布于鄂尔多斯盆地","和塔里木盆地","包含"
"中国气藏主要分布于鄂尔多斯盆地","鄂尔多斯","包含"
"和塔里木盆地","鄂尔多斯","包含"
"和塔里木盆地","尔多斯盆","应用于"
"和塔里木盆地","多斯盆地","合作伙伴"
"和塔里木盆地","多斯盆","包含"
"和塔里木盆地","尔多斯盆地","包含"
"国气藏主","和塔里木盆地","开发者"
"国气藏主","尔多斯盆","包含"
"气藏主","尔多斯盆","开发者"
"藏主要","尔多斯盆","位于"
"藏主要","尔多斯盆地","包含"
"藏主要","多斯盆地","包含"
"气藏主要","尔多斯盆","包含"
"北部区","沉积盆地","包含"
"沉积盆地","鄂尔多斯","包含"
"O2 ","此之外，苏北","应用于"
"O2 ","日本的 CO2 ","应用于"
"O2 "," 年在准噶尔盆地东缘","开发者"
"2 ","日本的 CO2 ","应用于"
"之外，苏北盆地4","亿吨 和","开发者"
"之外，苏北","亿吨 和","应用于"
"碳捕集与","碳捕集与封存研究院G","包含"
"碳捕集与","碳捕集与封存研究","应用于"
"碳捕集与","家科学技术计划的对","应用于"
"捕集与","碳捕集与封存研究院G","应用于"
"捕集与","三五计划期","开发者"
"捕集与","碳捕集与封存项目可","应用于"
"捕集与","的税费负担并提高项目","应用于"
"捕集与","行碳捕集与封存项目可","开发者"
"捕集与","五计划期","包含"
"捕集与","碳捕集与封存项目的","应用于"
"捕集与","碳捕集与封存项目的商","开发者"
"捕集与","于国家科学技术计划的","应用于"
"捕集与","国家科学技术计划的对","应用于"
"捕集与","家科学技术计划的","应用于"
"捕集与","家科学技术计划的对","应用于"
"捕集与","选择示范项目时","应用于"
"捕集与","择示范项目时","包含"
"捕集与","示范项目时","包含"
"捕集与","于国家科","开发者"
"捕集与","五计划期间","应用于"
"捕集与","然构成碳捕集与封存","应用于"
"捕集与","然构成碳捕集","开发者"
"捕集与","构成碳捕集","应用于"
"集与封","捕集与封存研究院G","位于"
"集与封","捕集与封存","应用于"
"集与封","捕集","合作伙伴"
"集与封","三五计划期","合作伙伴"
"集与封","碳捕集与封存项目可能","应用于"
"集与封","行碳捕集与封存项目可","应用于"
"集与封","捕集与封存项目可能","合作伙伴"
"集与封","集与封存项目可","开发者"
"集与封","碳捕集与封存项目可","位于"
"集与封","计划期间","位于"
"集与封","五计划期间","位于"
"集与封","五计划期间为","包含"
"集与封","计划期间为","开发者"
"集与封","集与封存项目的商业","合作伙伴"
"集与封","国家科学技术计划的对","应用于"
"集与封","科学技术计划的对碳","位于"
"集与封","家科学技术计划的对碳","合作伙伴"
"集与封","家科学技术计划的对","包含"
"集与封","科学技术计划的对","开发者"
"集与封","捕集与封存项目的","应用于"
"集与封","捕集与封存项目的商业","开发者"
"集与封","构成碳捕集","包含"
"集与封","成碳捕","开发者"
"集与封","成碳捕集","应用于"
"集与封","碳捕集","包含"
"集与","捕集与封存研究院G","开发者"
"集与","集与封存设备的额","包含"
"集与","捕集与封存设备的额","位于"
"集与","捕集","开发者"
"集与","捕集与封存设备的","合作伙伴"
"集与","碳捕集与封存项目可能","开发者"
"集与","行碳捕集与封存项目可","开发者"
"集与","集与封存项目通","应用于"
"集与","与封存项目通","包含"
"集与","集与封存项目通常","合作伙伴"
"集与","捕集与封存项目需","应用于"
"集与","集与封存项目需","位于"
"集与","集与封存项目需要大","合作伙伴"
"集与","集与封存示范和部署路","包含"
"集与","集与封存项目需要","开发者"
"集与","家科学技术计划的对","合作伙伴"
"集与","学以及大连理工大","应用于"
"集与","
设试点项","应用于"
"集与","研发、建
设试点项","应用于"
"集与","方通常将碳捕集与","包含"
"集与","构成碳捕","开发者"
"集与","构成碳捕集","开发者"
"集与","成碳捕","应用于"
"集与封存","捕集与封存","位于"
"集与封存","碳捕集与封存","应用于"
"中唯一一个中国项目","鄂尔多斯","位于"
"中唯一一个中国项目","吉林","位于"
"过200 万吨 。","鄂尔多斯","应用于"
"鄂尔多斯 CCS ","鄂尔多斯","应用于"
"国家能源集团鄂尔多斯","鄂尔多斯","包含"
"：钢","：钢铁企业主要分","应用于"
"铁：钢","内蒙古","合作伙伴"
"些地区","内蒙古","开发者"
"这些高排放区","鄂尔多斯","包含"
"配距离","的中、低适应","应用于"
"距离","的中、低适应","应用于"
"些高排放区域","外的 鄂","合作伙伴"
"高排放区域","外的 鄂","应用于"
"分布于渤海湾盆地","等盆地","包含"
"等盆地","尔 多斯盆地等盆地","包含"
"等盆地","尔 多斯","开发者"
"海湾盆地、","海湾盆地","开发者"
"海湾盆地、","海湾盆地、准","应用于"
"Pol"," J Ts","应用于"
"近平","近平新时","开发者"
"习近","习近平新","应用于"
"习近","近平新","包含"
"实施城市节能降碳工程","实施城市","位于"
"施城","施城市节","应用于"
"城市节","城市","合作伙伴"
"城市节","市节","合作伙伴"
"碳园","市节","应用于"
"来技术学院","和示范性能源学院","合作伙伴"
"和示范性能源学院","来技术学院","合作伙伴"
"相关上市公司","4强化领导干部","合作伙伴"
"学习贯","公布","应用于"
"关上市公司和发债企","关上市公司和","开发者"
"和资源型地区","要结合区","包含"
"和资源型地区","低碳","开发者"
"和资源型地区"," 。 各","合作伙伴"
"和资源型地区","低碳发展 。 各","应用于"
"和资源型地区","业结构偏 ","应用于"
"要结合区","等区","包含"
"达到","目正","包含"
"的运","的运营","包含"
"的运","运营方和石油公司都必","包含"
"的运","运营方和石油公司都","合作伙伴"
"的运营","的运","合作伙伴"
"的运营","运营","开发者"
"目的运营","运营","合作伙伴"
"目的运营","的运营","合作伙伴"
"运营","目的运营","开发者"
"运营","的运营","开发者"
"运营","运营方","包含"
"估 碳","了工程","开发者"
"估 碳","工程项目","应用于"
"工程项目所","工程项目所需","包含"
"工程项目所","工程项目","应用于"
"上游市","场但具有良好的市","包含"
"重点围绕准噶尔-塔里木盆地","和四川盆地","包含"
"点围","和四川盆地","包含"
"绕准噶尔-塔"," 尔多斯盆地","包含"
"绕准噶尔-塔"," 尔多斯","包含"
"绕准"," 尔多斯","应用于"
"绕准"," 尔多斯盆地","应用于"
"管理能源项目","北京","位于"
"北京理工大学","北京理工大学能源与环境政策研究中心","合作伙伴"
"能源与环境政","能源与","包含"
"理工大学能","理工大","位于"
"理工大学能","工大学能","包含"
"工大学能","理工大学能","应用于"
"的碳捕集项目采用","的碳捕集项目采","开发者"
"捕集项目采用","的碳捕集项目采","合作伙伴"
"规划与","的碳捕集项目采","应用于"
"规划与","碳捕集项目采","应用于"
"捕集项","的碳捕集项目采","开发者"
"碳捕集项目采用","碳捕集项目采","包含"
"集项目采用技","捕集项目采用技","应用于"
"捕集项目采用技","捕集项目采用","合作伙伴"
"捕集项目采用技","碳捕集项目采用","包含"
"碳捕集项目采用技","捕集项目采用","包含"
"碳捕集项目采用技","碳捕集项目采用","包含"
"比利时","集群化建设方面，美国","开发者"
"集群","集群化建设方面，美国","包含"
"集群","集群化","应用于"
"集群化","集群化建设方面，美国","包含"
"适配多","集群化建设方面，美国","应用于"
"适配多","集群化","开发者"
"适配多","群化建设方面，美国《","应用于"
"群化","群化建设方面，美国《","位于"
"于设备","成本主要来源于设备","应用于"
"碳排放","成本主要来源于设备购","开发者"
"成本主要","成本主要来源于设备购","应用于"
"本主要来","成本主要来源于设备购","包含"
"本主要来","本主要来源于设备购","合作伙伴"
"本主要","成本主要来源于设备购","合作伙伴"
"本主要来源于设备购","成本主要来源于设备购","位于"
"本主要来源于","本主要来源于设备购","开发者"
"优的碳","优化决策是一","开发者"
"模C","化决策","开发者"
"化决策","化决策是一","应用于"
"长期成本最优的碳","化决策","开发者"
"决策","决策是","开发者"
"键 。 “十五","不仅","应用于"
"不仅","不仅具","应用于"
"不仅","仅进一步压缩了项目的","合作伙伴"
"不仅","不仅进一步压缩了项目","应用于"
"期碳捕","不仅进一步压缩了项目","开发者"
"仅进","仅进一步压缩了项目的","位于"
"积极开","碳捕集设施的全","应用于"
"集设施的全","碳捕集设施的全","应用于"
"基础","捕集设施的全生","开发者"
"重视加强海外组专利布局","知识产权保护格局","合作伙伴"
"广，打破国外机构对","国际","应用于"
"广，打破国外机构对","利布局，","位于"
"能源与环境政策中心","大部","合作伙伴"
"与环境政策中心大","与环境政策中心大部分","开发者"
"与环境政策中心大部","与环境政策中心大部分","应用于"
"与环境政策中心大部","与环境政策中心大","应用于"
"环境政策中心大部","与环境政策中心大","位于"
"环境政策中心大部","环境政策中心大","包含"
"环境政策中心大部","与环境政策中心大部","合作伙伴"
"基于区","鄂尔多斯","包含"
"于区域","津冀、鄂","开发者"
"域经","津冀、鄂","位于"
"域经济发展","域经济发","应用于"
"告所","告所描述","应用于"
"告所","告所描述的","应用于"
"所描","所描述","包含"
"所描","所描述的碳","开发者"
"在没有CCS示范与部署的国家计划","在没有CCS示范与部","投资方"
"CO2-强化驱油技术","以及大连理工大学","开发者"
"CO2-强化驱油技术","给出了如附录2所示的初步的入围项目","应用于"
"CO2-强化驱油技术","分或全部","开发者"
"最知名","没有CCS示范与","应用于"
"最知名","理中心、中国科","开发者"
"最知名","CC","应用于"
"有C","理中心、中国科","开发者"
"有C","下，","应用于"
"有CC","CC","包含"
"技术既","去的10年中","应用于"
"去的10年","去的10年中","合作伙伴"
"加强公","布碳","开发者"
"年计划"," 三、十三五计划","应用于"
"年计划"," 三","应用于"
"中 ","中 在","包含"
"家科学","中 在","应用于"
"家科学","领域的试点项目正在","开发者"
"家科学","集中 在减","应用于"
"家科学","年，9个主要集","合作伙伴"
"家科学","年，9个主要集中在","包含"
"家科学","中 在减","合作伙伴"
"等方面","中 在减","包含"
"等方面"," 在减","包含"
"碳捕","了保","应用于"
"碳捕","，英国（UK","开发者"
"碳捕","球碳捕","应用于"
"碳捕","碳捕集","包含"
"碳捕","捕集与封存项目需","应用于"
"了保","保持","合作伙伴"
"i 证","保持","开发者"
"i 证","了保持","开发者"
"i 证","CSI","应用于"
"i 证","持当","应用于"
"中国大多数煤化工项目","中国大多数煤化工项目都位于中西部","投资方"
"中国大多数煤化工项目","和内蒙古自治区","位于"
"中国大多数煤化工项目","以及宁夏回族自治区","位于"
"中国大多数煤化工项目","内蒙古","位于"
"和内蒙古自治区","以及宁夏回族自治区","包含"
"和内蒙古自治区","内蒙古","包含"
"以及宁夏回族自治区","内蒙古","包含"
"国大多数煤化工项目都","和内蒙古","合作伙伴"
"国大多数煤化工项目都","以及宁夏回族自治区","包含"
"国大多数煤化工项目都","内蒙古","位于"
"国大多数煤化工项目都","和内蒙古自治区","包含"
"国大多数煤化工项目都","内蒙古自治区","合作伙伴"
"和内蒙古","以及宁夏回族自治区","应用于"
"和内蒙古","内蒙古","开发者"
"21 ","以及宁夏回族自治区","应用于"
"21 ","的发","包含"
"21 ","CU","开发者"
"21 "," 4 张贤、杨晓","应用于"
"21 "," 4 张贤、杨晓亮、","开发者"
"21 ","内蒙古","应用于"
"21 "," 4","开发者"
"大多数煤化工项目都位","内蒙古","位于"
"大多数煤化工项目都位","以及宁夏回族自治区","包含"
"多数煤化工项目都位","以及宁夏回族自治区","包含"
"多数煤化工项目都位","内蒙古","合作伙伴"
"多数煤化工项目都位于","内蒙古","合作伙伴"
"工艺组","大部分","应用于"
"工艺组","部分注","应用于"
"部分注入的CO","部分注","应用于"
"CO2强化驱油技术","由于在国内有中试项目","应用于"
"CO2强化驱油技术","参与早期的示范项目","应用于"
"CO2强化驱油技术","技术是最合适的方法","应用于"
"CO2强化驱油技术","试点项目","应用于"
"CO2强化驱油","于在国内有中试项目，","开发者"
"于在国内有中试项目，","在国内有中试项目，","包含"
"本路线图对中国的23个主要陆上盆地","和9个主要近海盆地","包含"
"O2 ，总的封","路线图对中国的2","开发者"
"O2 ，总的封","路线图对中国的23个","应用于"
"O2 ，总的封","线图对中国的23个","开发者"
"路线图对中","线图对中国的2","合作伙伴"
"路线图对中","路线图对中国的23个","开发者"
"路线图对中","线图对中国的23个","合作伙伴"
"图对","线图对","应用于"
"线图对","图对","合作伙伴"
"三五计划期","五计划期","包含"
"捕集与封","三五计划期","开发者"
"捕集与封","要 建","开发者"
"捕集与封","成碳捕","应用于"
"与封","计划期间为碳","开发者"
"与封","五计划期间为碳","开发者"
"与封","碳捕集与封存项目可","应用于"
"与封","集与封存项目的商业","合作伙伴"
"与封","成碳捕集","应用于"
"与封","碳捕集与封","合作伙伴"
"与封","碳捕集","包含"
"与封","成碳捕集与封","应用于"
"所述，","和北部","开发者"
"所述，","录1显示 了中国东","应用于"
"所述，","录1显示 了中国东部","应用于"
"所述，","1显示 了中国东部","应用于"
"所述，","部、东北部和北部","包含"
"所述，中","录1显示 了中国东","应用于"
"录1显","1显示 了中国东部","包含"
"录1显","部、东北部和北部","合作伙伴"
"述，","录1显示 了中国东部","应用于"
"1显示 了中国东","显示 了中国东","合作伙伴"
"显示","1显示 了中国东","开发者"
"显示","显示 了中国东","合作伙伴"
"1显示","显示 了中国东","包含"
"给出了如附录2所示的初步的入围项目","分或全部","投资方"
"给出了如附录2所示的初步的入围项目","鄂尔多斯","位于"
"目，而且所有项目","了CO2","包含"
"我们基","了CO2-强化驱油技","应用于"
"我们基","了CO2","位于"
"我们基","9 考虑到电力","位于"
"我们基"," 考虑到电力","应用于"
"我们基","9 考虑到电力行业是","应用于"
"9 ","了CO2","合作伙伴"
"9 考虑到","了CO2","合作伙伴"
"9 考虑到","9 考虑到电力","包含"
"9 考虑到"," 考虑到电力","合作伙伴"
"小规模中试项目","鄂尔多斯","位于"
"该盆地","鄂尔多斯","包含"
"盆地不"," 捕集C","合作伙伴"
"项目还","鄂尔多斯","开发者"
"目还将","鄂尔多斯","包含"
"宁夏和 山西的燃","鄂尔多斯","应用于"
"将评","鄂尔","包含"
"源部","和工业和信息化部","合作伙伴"
"源部","源部和工业和信息化部","包含"
"少碳","和工业和信息化部","开发者"
"发改委、国家","和工业和信息化部","应用于"
" 中国","和工业和信息化部","应用于"
" 中国","源部和工业和信息化部","应用于"
"和工业和信息化部都","和工业和信息化部","应用于"
"源部和工业和信息化部","和工业和信息化部","包含"
"CO2捕集技术","这类法规缺失可能导致在碳捕集与封存项目","应用于"
"CO2捕集技术","技术是指通过化学和物理等方法","应用于"
"CO2捕集技术","自第十个五年计划","应用于"
"只有一","规缺","应用于"
"项目规","项目是高风险","开发者"
"项目规","录 ","应用于"
"项目规","录 i","应用于"
"项目规","iv","应用于"
"录 i","录 ","应用于"
"是理想的候选区","和松辽盆地","包含"
"是理想的候选区","以及西部的塔里木盆地","包含"
"是理想的候选区","都有适于CO2强化驱油的油田","包含"
"是理想的候选区","鄂尔多斯","包含"
"是理想的候选区","为优先区","包含"
"是理想的候选区","中国东北的鄂尔多斯盆地","包含"
"和松辽盆地","以及西部的塔里木盆地","包含"
"和松辽盆地","都有适于CO2强化驱油的油田","包含"
"和松辽盆地","鄂尔多斯","包含"
"以及西部的塔里木盆地","都有适于CO2强化驱油的油田","包含"
"以及西部的塔里木盆地","鄂尔多斯","包含"
"都有适于CO2强化驱油的油田","鄂尔多斯","包含"
"的准 ","外，从2017 ","应用于"
"盆地和松辽"," 。  ","位于"
"，从20","，从2","应用于"
"这些地区","为优先区","包含"
"为优先区","以及西部的塔里木盆地","包含"
"为优先区","都有适于CO2强化驱油的油田","包含"
"些地区还","设置上述","包含"
"些地区还","地区还","包含"
"5包括","设置上述","开发者"
"5包括","地区还","应用于"
"区还集中","区还集中了","合作伙伴"
"捕集和","许多其他正在开展","应用于"
"捕集和","许多其他正在开展碳","开发者"
"捕集和","许多其他正在开展碳捕","开发者"
"捕集和","有者","开发者"
"捕集和","所有者可能","应用于"
"捕集和","有者可","应用于"
"捕集和","所有者可能还需要","合作伙伴"
"捕集和","像许多其他正在开展","位于"
"捕集和","目所","开发者"
"捕集和","者可","开发者"
"捕集和","者可能还需要在项目完","应用于"
"捕集和","碳捕集和封
存示范项","合作伙伴"
"捕集和","所有","开发者"
"捕集和","所有者可能还需要在","应用于"
"捕集和","有者可能还需要","开发者"
"捕集和","有者可能还需要在","开发者"
"捕集和","所有者可能还需","应用于"
"集和","许多其他正在开展碳捕","开发者"
"集和","展碳捕","包含"
"集和","有者","开发者"
"集和","有者可","包含"
"集和","集和封存部署","包含"
"集和","捕集和封存部署路","应用于"
"集和","集和封","开发者"
"集和","像许多其他正在开展碳","应用于"
"集和封","许多其他正在开展碳","位于"
"集和封","集和封存部署","应用于"
"集和封","和封存部署路","包含"
"集和封","集和封存部署路","开发者"
"集和封","和封","开发者"
"和封","多其他正在开展","应用于"
"和封","多其他正在开展碳捕集","合作伙伴"
"和封","集和封存部署","应用于"
"的核准条件以便项目","需要对相关监管部","投资方"
"58 ","碳捕集和封存项目的","应用于"
"地社区和","社区","合作伙伴"
"地社区和","地社区","应用于"
"地社区","地社","包含"
"地社区","社区和","开发者"
"地社区","社区","合作伙伴"
"而实","现更大规模的减 ","合作伙伴"
"而实","而实现更大规模的减 ","包含"
"体系、","现更大规模的减 ","开发者"
"体系、","而实现更大规模的减 ","应用于"
"要 建"," 建","合作伙伴"
" 建","要 建","开发者"
" 建","建立","合作伙伴"
"目管理","要 建","应用于"
"目管理","存认","应用于"
"目管理","存认证","应用于"
"目管理","政府和","应用于"
"目管理","要 ","开发者"
"建立","定的二","应用于"
"证体系；","建立","合作伙伴"
"证体系；","存认证","开发者"
"油气藏","针对早期示范项目","应用于"
"油气藏","油气开发投资项目","应用于"
"油气藏","我国油气藏和深部","开发者"
"油气藏","及东部","开发者"
"油气藏","以油田内部","开发者"
"油气藏","则以来自新疆地区内部","开发者"
"油气藏","坳陷南部","开发者"
"油气藏","评价指标体系","应用于"
"封 存","早期示范项目，","应用于"
"及项目","和珠江三角洲地区","位于"
"和珠江三角洲地区","内蒙古","包含"
"随着行业布局","以及西部","合作伙伴"
"江三角洲地区和珠","是内蒙","位于"
"角洲","别是内","包含"
"角洲","是内蒙","应用于"
"影响 ","别是内","开发者"
"影响 ","是内蒙","应用于"
"油或封存的邻近油田","内蒙古","包含"
"建议将","维吾尔","包含"
"维吾尔自治区","维吾尔","包含"
"阶段性","维吾尔","应用于"
"措施、","集与封存设备的额","应用于"
"措施、","捕集与封存设备的额","包含"
"付一","励国内石油企业
参","开发者"
"励国内石油企业
参","了激励国内石油企业","应用于"
"励国内石油企业
参","国内石油企业
参","应用于"
"励国","国内石油企业
参","开发者"
"励国","励国内石油企业
参","开发者"
"集与封存项目可能","碳捕集与封存项目可能","合作伙伴"
"广的碳捕集与封存项目","在商业化示范和部","投资方"
"给大规","资者需要","应用于"
"给大规","需要充","应用于"
"给大规","需要","应用于"
"给大规","者需","应用于"
"给大规","资者需","应用于"
"者需要","资者需要","合作伙伴"
"者需要","者需","位于"
"会投资给大规","资者需要","开发者"
"需要充","需要","应用于"
"需要","需要充","位于"
"需要","需要对相关监管部门的","包含"
"单一的","相互依存关系，带来","应用于"
"连锁","相互依存关系，带来","应用于"
"营 ","集与封存项目通","应用于"
"经营 ","捕集与封存项目通","应用于"
"经营 ","集与封存项目通","应用于"
"经营 ","集与封存项目通常","应用于"
"分不足的","着碳捕集与封存项目的","应用于"
"着碳捕集与封存项目的","碳捕集与封存项目的商","包含"
"能力是","着碳捕集与封存项目的","开发者"
"能力是","碳捕集与封存项目的商","开发者"
"能力是","碳捕集与封存项目的","应用于"
"能力是","捕集与封存项目的商","开发者"
"能力是","捕集与封存项目的","应用于"
"能力是","捕集与封存项目的商业","应用于"
"的不","碳捕集与封存项目的商","应用于"
"碳捕集与封存项目的商","少 。 ","包含"
"碳捕集与封存项目的","碳捕集与封存项目的商","位于"
"捕集与封存项目的商","捕集与封存项目的商业","合作伙伴"
"捕集与封存项目的商业","捕集与封存项目的商","包含"
"力是","捕集与封存项目的商业","应用于"
"集与封存项目的商业","集与封存项目的商业驱","应用于"
"集与封存项目的商业","与封存项目的商业","包含"
"一碳捕","，英国（UK","开发者"
"一碳捕","英国（UK","应用于"
"，英国（UK","英国（UK","包含"
"再继续某一碳捕","英国（UK","应用于"
"投资和","管理计划","包含"
"投资和","面管理计划","应用于"
"投资和","面管理计划的","应用于"
"投资和","管理计划的","位于"
"集和利","有者","位于"
"集和利","有者可能","开发者"
"集和利","可能","包含"
"集和利","者可能","应用于"
"集和利","者可","包含"
"集和利","有者可","应用于"
"所有者可能还需","有者可能还需要","包含"
"所有者可能还需","所有者可能还需要在","包含"
"所有者可能还需","有者可能还需要在","包含"
"所有者可能还需","所有者可能还需要","开发者"
"有者可能还需","有者可能还需要","包含"
"有者可能还需","所有者可能还需要","开发者"
"有者可能还需","有者可能还需要在","开发者"
"有者可能还需","所有者可能还需要在","应用于"
"开始从","可能更好地发挥项目优","开发者"
"能更","能更好地发挥项目优","应用于"
"能更","能更好地发挥项目优 ","合作伙伴"
"体系和","工业工厂的","应用于"
"体系和","业工厂的CO","应用于"
"业工厂的CO","业工厂的C","应用于"
"封存委","碳封","应用于"
"封存委","碳封存委员会预计","合作伙伴"
"封存委","碳封存","开发者"
"封存委","封存","开发者"
"封存委","封存委员会预计","包含"
"存委","碳封","应用于"
"存委","碳封存","合作伙伴"
"存委","封存","开发者"
"存委","封存委员会预计","合作伙伴"
"碳封存委","封存委员会预计","合作伙伴"
"碳封存委","碳封存委员会预计","包含"
"中国东部","和东北部","合作伙伴"
"国东部和东北部地区的","国东部和东北部地","包含"
"国东部和东北部地区的","东北部地","开发者"
"国东部和东北部地","东北部地","合作伙伴"
"东部和东北部地区的","国东部和东北部地","合作伙伴"
"东部","东部和东北部地区","合作伙伴"
"东部","东部和东北部地","合作伙伴"
"东部","部和东北部地","合作伙伴"
"东部和东北部地区","东部和东北部地","开发者"
"部和东北","部和东北部地","应用于"
"部和东北部地区的","部和东北部地","开发者"
"部和东北部地区的","东北部地区的","应用于"
"和东北部地区的一","和东北部地区的","开发者"
"和东北部地区的","和东北部地区的一","位于"
"部分补贴类似于由政","具备","应用于"
"部分补贴类似于由政","强化驱油","位于"
"目提","先行的CO2强化","应用于"
" 像其","期先行的CO","包含"
" 像其","期先行的CO2强化驱","应用于"
" 像其","目提供金融支持 。 ","位于"
"中国迈入第14个","迈入","应用于"
"并推动碳","国迈","应用于"
"并推动","国迈","应用于"
"并推动","中国迈入第","应用于"
"并推动","国迈入第","应用于"
"并推动","迈入","应用于"
"第二个","第一","包含"
"第二个","国家","应用于"
"第一","第一代","合作伙伴"
"第一","内第一台用在CC","开发者"
"第一","第一台用在CC","应用于"
"第二个阶段，碳捕","第一","合作伙伴"
"3燃煤污染物减排国家工程","北京","位于"
"了两版","学技术部分","开发者"
"了两版","技术部分","合作伙伴"
"了两版","术部分","开发者"
"了两版","分别","开发者"
"技术部分别","技术部分","包含"
"技术部分别","术部分","包含"
"了两版《中","术部分","开发者"
"术部分别","术部分","位于"
"术部分别","分别","开发者"
"两版《中","术部分","开发者"
"了两版《","术部分","应用于"
"展后 ","“十","开发者"
"能耗碳","煤机组碳","包含"
"能耗碳","机组碳","包含"
"煤机组","机组碳","应用于"
"煤机组","机组碳减","包含"
"煤机组","煤机组碳减","开发者"
"发投资项目 ","开发投资项目 ","应用于"
"发投资项目 ","投资项目 ","合作伙伴"
"开发投资项目 ","气开发投资项目 ","开发者"
"油藏工程 ","油藏工程 方案","合作伙伴"
"藏工程 ","油藏工程 方案","开发者"
"藏工","藏工程 ","合作伙伴"
"源转型","部咸","应用于"
"转型","部咸","应用于"
"部咸水层等地","油气藏和深部咸","应用于"
"部咸水层等","油气藏和深部咸","开发者"
"部咸水层等","国油气藏和深部咸","开发者"
"油气藏和","油气藏和深部咸","应用于"
"气藏和","油气藏和","开发者"
"气藏和","藏和","包含"
"藏和","油气藏和","开发者"
"藏和","气藏和","开发者"
" 邹才能 马锋 潘松"," 邹才能","包含"
"rat"," 邹","应用于"
"省市","省市积","应用于"
"省市","市积","包含"
"省市积","市积","包含"
"省市积极跟进，将CC","省市积","应用于"
"省市积极跟进，将CC","市积","位于"
"市积极跟进，将CC","市积","合作伙伴"
"术不","高效","包含"
"术不","高效利","开发者"
"高效","高效利","应用于"
"技术不","高效","开发者"
"技术不","高效利","包含"
"Af","至2","应用于"
"有限责任公司","煤制油分公司","合作伙伴"
"1 "," 项目 国家能源","应用于"
"1 "," 项","包含"
"1 ","00 万吨 。 ”吉","应用于"
"1 ","管道建成后","应用于"
"C02"," 项目 国家能源","应用于"
"项目 ","1 ","开发者"
"项目 "," 项","应用于"
"碳封存技术指通过工程","吉林","位于"
"，将成为中","CO","位于"
"，将成","CO","开发者"
"存项目","目前国外典","应用于"
"在C","目前国外典","应用于"
"的研","目前国外典","应用于"
"的研","前国外典型碳封存项目","开发者"
"封存项","目前国外典","应用于"
"证的研","前国外典型碳封存项目","开发者"
"和鄂尔多斯盆地","鄂尔多斯","包含"
"盆地、四川盆地","盆地、四川","位于"
"盆地、四川盆地","地、四川","位于"
"大的准噶尔","盆地、四川盆地","应用于"
"考文献（Re","文献（Re","开发者"
"献（Re","文献（Re","应用于"
"CC ","考文献（Re","应用于"
"CC ","文献（Re","开发者"
"与北美地区二叠盆地","超级能源盆地","包含"
"与北美地区二叠盆地","鄂尔多斯","包含"
"超级能源盆地","鄂尔多斯","包含"
"中小盆地","与伊犁盆地","包含"
"伊犁","取常","包含"
"当前的勘","前的勘","合作伙伴"
"前的","前的勘探","包含"
"前的","前的勘","开发者"
"区碳源","准噶尔盆地的","开发者"
"够作为","准噶尔盆地的","开发者"
"噶尔盆地的","尔盆地的","包含"
"噶尔盆地的","尔盆地","应用于"
"噶尔盆地的","噶尔盆地","开发者"
"以油田内部","则以来自新疆地区内部","合作伙伴"
"言，准噶尔盆 地西","言，准噶尔盆 地西部","合作伙伴"
"言，准噶尔盆 地西","而言，准噶尔盆 地西","应用于"
"言，准噶尔盆 地西","准噶尔盆 地西部","应用于"
"言，准噶尔盆 地西部","准噶尔盆 地西部","开发者"
" 化的","言，准噶尔盆 地西部","应用于"
" 化的","准噶尔盆 地西部","开发者"
" 化的","以油田内部","应用于"
" 化的","部则以来自新疆地区内","开发者"
"而言，准噶尔盆 地西","准噶尔盆 地西部","合作伙伴"
"巨厚砾岩油气藏，","对巨厚砾岩油气藏，","应用于"
"巨厚砾岩油气藏，","对巨厚砾岩油气藏","开发者"
"对巨厚砾岩油气藏，","巨厚砾岩油气藏，","包含"
"厚砾岩油气藏，","厚砾岩油气藏，创","合作伙伴"
"管网覆盖全盆地","东部的煤化工与油气田","包含"
"网覆盖全盆地，","聚焦盆地东部的煤化工","包含"
"网覆盖全盆地，","覆盖全盆地， ","包含"
"覆盖","覆盖全盆地，","应用于"
"体优化调度和内部","利润分配两部","合作伙伴"
"盟中的成员i ","，联盟中的成员i ","开发者"
"外，联盟中的成员i ","，联盟中的成员i ","位于"
"源与矿","inet/ur","开发者"
"源与矿","le","包含"
"lea","le","合作伙伴"
"与矿","le","包含"
"工具视","，本文","应用于"
"，本文","，本文从","包含"
"，本文从","本文从","包含"
"文从","，本文从","应用于"
"英国大部分的项目","英国大部","投资方"
"US ","国大部分的项","应用于"
"国大部分的项目仍","国大部分","开发者"
"部分的项目仍处于","部分的","合作伙伴"
"部分的项目仍处于","部分的项目仍处","包含"
"部分的项目仍处","部分的","包含"
"部分的项目仍处","部分的项目仍","开发者"
"部分的项目仍处","部分的项目","开发者"
"部分的项目仍处","分的项目仍","包含"
"部分的项目","部分的项目仍","开发者"
"部分的项目仍","分的项目仍","包含"
"分的项目仍处","分的项目仍","合作伙伴"
"美国现阶段的各阶段项目","美国现阶段的各阶段项目部","投资方"
"现阶段的各阶段项目部","国现阶段的各阶段项","合作伙伴"
"现阶","阶段的各阶段项目","包含"
"现阶","阶段的各阶段项目部署","应用于"
"在松辽盆地","吉林","包含"
"勇说","伐 。","包含"
"勇说","郑勇","应用于"
"回溯吉林油田","吉林","包含"
"探索，","至2","应用于"
"如今的吉林油田","吉林","包含"
"今的吉林油田CCUS","多、","包含"
"今的吉林油田CC","的吉林油田CC","合作伙伴"
"今的吉林油田CC","多、","包含"
"与吉林油田","吉林","包含"
"来，吉林油田积极","来，吉林油","包含"
"来，吉林油田积极","林油","开发者"
"来，吉","，吉林油田积极","位于"
"来，吉","来，吉林油田积极","应用于"
"来，","，吉林油田积极","开发者"
"来，","来，吉林油田积极","开发者"
"吉林油田相","吉林油","应用于"
"吉林油田相","。 ","包含"
"吉林油田相","吉林油田相
","开发者"
"吉林油","绍，这一","位于"
"。 ","中国碳
捕集与封存项","应用于"
"电厂等碳排放源与油田","吉林","包含"
"电厂等碳排放源与油田","排”","开发者"
"电厂等碳排放源与油田","长春","包含"
"油田周","工企业、
","应用于"
"吉林油田","吉林","包含"
"田的实","田的实践","合作伙伴"
"述工作为后","为后","应用于"
"述工作为后","本节将根据各技术方案","应用于"
"述工作为后","述工作为后续CC","应用于"
"为后","本节","开发者"
"为后","本节将根据各技术方案","开发者"
"述工作","为后","应用于"
"述工作","本节将根据各技术方案","应用于"
"本节","本节将根据各技术方案","开发者"
"本节将","本节将根据各技术方案","包含"
"建设 ","此，","开发者"
"建设 ","为此，","开发者"
"此，","此，采","合作伙伴"
"为此，","此，","包含"
"公司宁","集项目国","应用于"
"公司宁","项目国","应用于"
"项目国","集项目国","合作伙伴"
"团浙江公司宁","捕集项目国","合作伙伴"
"团浙江公司宁","动煤电污染物“近","应用于"
"团浙江公司宁","项目国","位于"
"吨级吸附碳捕集项目国","动煤电污染物“近","应用于"
"省建","降碳减","位于"
"省建","东省建","开发者"
"省建","省建设","包含"
"建设","省建设","开发者"
"建设","省建","应用于"
"省建设","建设","合作伙伴"
"环境科学与工程学院","限责任公司","合作伙伴"
"92；","，集","应用于"
"，集中","集中","应用于"
" 规模","全球","应用于"
"全球范","全球","合作伙伴"
"球范","全球","应用于"
"全流程","目连","开发者"
"全流程","项目连","应用于"
"全流程","目连续","位于"
"全流程","连续","开发者"
"全流程碳捕","项目连","合作伙伴"
"套全流","目连","应用于"
"套全流","连续","应用于"
"单元，","目采用有机胺","应用于"
"er ","目采","开发者"
"er ","采用","开发者"
"采用有","采用","开发者"
"于理想","该项目碳","开发者"
"于理想","项目碳用","开发者"
"于理想","项目碳","应用于"
"于理想","目碳用","开发者"
"于理想","目碳用户","应用于"
"该项目碳","项目碳用","应用于"
"项目碳","项目碳用","合作伙伴"
"目碳用","目碳用户","位于"
"碳用户","碳用","包含"
"碳用户","碳用户的","包含"
"碳用户","目碳用户","应用于"
"碳用","碳用户","应用于"
"将该项目","将该项目电耗分为两部","投资方"
" 所示","该项目电耗分为两部分","开发者"
" 所示","该项目电","应用于"
" 所示","目电耗分为两部分考","应用于"
" 所示","目电","应用于"
" 所示","目电耗分为两部分","开发者"
" 所示","目电耗","应用于"
"该项目电","项目电耗分为两部分","合作伙伴"
"该项目电","目电耗分为两部分","包含"
"目电耗","目电耗分为两部分","合作伙伴"
"目电耗","目电耗分为两部分考","应用于"
"目电","目电耗分为两部分","位于"
"本项目","本项目附近无油田","位于"
"捕集装","目碳","应用于"
"捕集装","项目碳","应用于"
"集装","项目碳","应用于"
"集装","目碳捕","开发者"
"集装","目碳","应用于"
"集装置","目碳捕","位于"
"集装置","碳捕集装置的气","合作伙伴"
"厂位","厂位于岛内中部核","合作伙伴"
"费用，","厂位于岛内中部核","应用于"
"于岛","于岛内中部核心有","开发者"
"
43","在岛外建设同样","应用于"
"
43","岛外建设同样","开发者"
"
43","在岛外建设同","开发者"
"
43","岛外建设同样规","开发者"
"
43","外建设","应用于"
"外建设","外建设同样规模","开发者"
"外建设","外建","位于"
"外建设","外建设同","开发者"
"接保护","目周边有大","应用于"
"边有大","有大","位于"
"边有大","边有","应用于"
"为保证","来若能成","应用于"
"为保证","来若能","开发者"
"为保证","若能成功","开发者"
"来若能","成功推动类似 CC","包含"
"能成","能成功推动类似 C","位于"
"能成","能成功","包含"
"关行业","能成功推动类似 C","应用于"
"关行业","能成功","开发者"
"成功","成功推","应用于"
"成功","能成功推","应用于"
"中国科学院","国家能源局","合作伙伴"
"与可持","丹 ","合作伙伴"
"与可持","丹 二","合作伙伴"
"有序转","丹 ","开发者"
"有序转","丹 二","应用于"
"丹 二氧化碳捕集、","丹 二","包含"
"一系列新兴产业项目","内蒙古","位于"
"位于","内蒙古","开发者"
"位于","位于岛内中部核心","位于"
"于巴彦淖尔 ","内蒙古","包含"
"于巴","内蒙古","合作伙伴"
"规划并被认可之","需要进行工程","包含"
"，告知","需要进行工程","应用于"
"存经","存经营者需要","合作伙伴"
"存经营者需要","封存经营者需要","开发者"
"封存经营者需要","要进行工程规","合作伙伴"
"厦门大学","厦门大学中国能源政策研究院","合作伙伴"
"大学中","大学中国","包含"
"大学中","学中","应用于"
"大学","大学中","应用于"
"零碳园区","方案馆呈现了零碳园区","包含"
"院认","现，10 余家中外企","合作伙伴"
"院认","内蒙","包含"
"家中外企","现，10 余家中外企","开发者"
"内蒙","院认","应用于"
"内蒙","认定","位于"
"内蒙","全部","合作伙伴"
"定处","内蒙","位于"
"内蒙 ","内蒙","应用于"
"全部","内蒙","应用于"
"全部","与内蒙","包含"
"全部","我 们与内蒙","应用于"
"研究","研究，采","合作伙伴"
"研究，采","研究","位于"
"等六个省","为我国东部中新生代断陷盆地","包含"
"等六个省","北京","包含"
"等六个省","河北","包含"
"为我国东部中新生代断陷盆地","北京","包含"
"为我国东部中新生代断陷盆地","河北","包含"
"。  本","地为我国东","开发者"
"地为我国东","地为我国","包含"
" 渤海湾盆地"," 渤海湾盆地为我国东","应用于"
" 渤海湾盆地","渤海湾盆地为我国东","包含"
" 渤海湾盆地为我国东","、河","位于"
" 渤海湾盆地为我国东","河北省、河南省、山东","应用于"
" 渤海湾盆地为我国东","省、山东省","包含"
" 渤海湾盆地为我国"," 渤海湾盆地为我国东","开发者"
" 渤海湾盆地为我国","为我国","合作伙伴"
" 渤海湾盆地为我国","地为我国","包含"
"等七个油田","而羊二庄油田","包含"
"孔店等","区CO2 ","应用于"
"由表5","由表5 可","位于"
"由表5","由表5 可知，大港 ","包含"
"表5","由表5 可","应用于"
"表5","由表5 可知，大港 ","应用于"
"双效有利区","南部和大港油田","包含"
"有利区主要分布盆地的中部","和大港油田北部","合作伙伴"
"有利区","有利区主要分布盆地","包含"
"有利区","南部和大港油田","包含"
"有利区主要分布盆地","南部和大港油田","包含"
"eng","分布盆地的中部","应用于"
"）综","分布盆地的中部","包含"
"分布盆地的","分布盆地的中部","包含"
"综合","）综合","应用于"
"国大","O2 封存方面，国","应用于"
"东方电气集团以华能天津绿色煤电项目","东方电气集团","投资方"
"气集团以华","气集团以","合作伙伴"
"电气集团以华","气集团以","开发者"
"电气集团以华","集团以华","包含"
"方电气集团以华","气集团以","包含"
"燃煤电","电企业应根据电厂实","应用于"
"企业应根","企业应根据电厂实","开发者"
"企业应根","业应根","开发者"
"企业应根","业应根据","应用于"
"业链工程","鄂尔多斯","位于"
"田企","-EOR","位于"
"田企","田企业","开发者"
"田企","企业","应用于"
"油封存","-EOR","应用于"
"企业","封存","应用于"
"海油新能源部副","国海油新能源部副","开发者"
"国海油新能源部副","海油新能源部副","应用于"
"油新能源部副","油新能源部副总","包含"
"油新能源部副总","油新能源部副","包含"
"油新能源部副总经","油新能源部副总","应用于"
"油新能","油新能源部副","应用于"
"OI 10","CC","包含"
"态；水击压力；停输","S；管道","应用于"
"及山东省","为主要排放区","包含"
"及山东省","内蒙古","包含"
"为主要排放区","内蒙古","包含"
"等传统产业集聚区","的市","包含"
"域应优","域应优先","应用于"
"域应优先","域应优先部署减排","应用于"
"将视为","视为同意 。 ","应用于"
"视为","视为同意 。 ","应用于"
"同意 ","到编辑部答","开发者"
"编辑部答复","编辑部答","位于"
"双碳目","，途","应用于"
"双碳目","的吉","应用于"
"00 公里，途","，途","包含"
"括二氧","一 国家","包含"
"四川省生态环","法和标准","包含"
"实碳捕","发展","开发者"
"实碳捕","清洁低","开发者"
"发展","发展与项目实","包含"
"  4 张贤、杨晓亮","，全球碳捕集与封","合作伙伴"
"  4 张贤、杨晓亮","中心，全球碳捕集与封","包含"
"2 年","，全球碳捕集与封","开发者"
"2 年","中心，全球碳捕集与封","应用于"
"为地质","术发展与项目实","应用于"
"为地质","术发展与","开发者"
"为地质","术发","开发者"
"术发","术发展与","合作伙伴"
"术发","术发展与项目实","合作伙伴"
"术发","发展与项目实","包含"
"术发展与","发展与","合作伙伴"
"术发展与","发展与项目实","应用于"
"术发展与","展与","包含"
"/年碳","利用
研究及示","位于"
"/年碳","利用
研","开发者"
"/年碳","氧化","开发者"
"/年碳","团江苏泰州公","合作伙伴"
"/年碳","大火","应用于"
"/年碳","最大","应用于"
"/年碳","最大火","开发者"
"冰轮集团","冰轮集团工业设计中心","合作伙伴"
"冰轮集团","获评第五批国家级工业设计中心","合作伙伴"
"冰轮集团","核心企业烟台冰轮股份有限公司","合作伙伴"
"冰轮集团工业设计中心","获评第五批国家级工业设计中心","合作伙伴"
"集团工业","集团工业设计中心获评","开发者"
"齐鲁石化-胜利油田百万吨级CCUS项目","杭州杭氧膨胀机有限公司","投资方"
"齐鲁石化-胜利油田百万吨级CCUS项目","齐鲁石化-胜利油田","位于"
"鲁石化-胜利油田百","，对","合作伙伴"
"开展百","，对","应用于"
"开展百","鲁石化-胜利油田百","开发者"
"开展百","石化","应用于"
"开展百","化-","开发者"
"石化-胜","石化","包含"
"深部咸水层的","深部咸","合作伙伴"
"深部咸水层的","国深部咸","包含"
"部咸水层的","深部咸","开发者"
"部咸水层的","深部咸水层的CO","应用于"
"部咸水层的","部咸水层的CO","应用于"
"部咸水层的CO","深部咸","包含"
"部咸水层的CO","深部咸水层的CO","开发者"
"部咸水层的CO","部咸","开发者"
" 万亿","美国地质调查局US","应用于"
" 万亿"," 万亿吨 。 全球","包含"
" 万亿","国地质调查局US","开发者"
" 万亿","据美国地质调查局U","开发者"
" 万亿","据美国地质调查局US","开发者"
"美国地质调查局US","地质调查局US","包含"
" 年中","铁：钢铁企业主要","应用于"
"年中","铁：钢铁企业主要","应用于"
"新能源","一批国","应用于"
"善绿色低碳技术和","善绿色低碳技术和产","应用于"
"一批绿色低","善绿色低碳技术和产","应用于"
"善绿","善绿色低碳技术和产","合作伙伴"
"术学院、现代产业","术学院、现代","合作伙伴"
"术学院、现代产","术学院、现代","应用于"
"术学院、现代产","色低碳技术和产","应用于"
"二氧化碳捕集技术","我国二氧化碳捕集技术总体上已在大部","开发者"
"二氧化碳捕集技术","二氧化碳捕集技术总","包含"
"二氧化碳捕集技术","二氧化碳捕集技术总体","包含"
"碳
储","国二氧","开发者"
"碳
储","国二氧化","开发者"
"碳
储","二氧化碳捕集技术总","应用于"
"集技","二氧化碳捕集技术总","应用于"
"集技","集技术的部署","开发者"
"集技","集技术的部署仍","应用于"
"集技术","二氧化碳捕集技术总","应用于"
"）、循","二氧化碳捕集技术总","开发者"
"CO2运输技术","心部","开发者"
"，亟需","亟需","应用于"
"，亟","，亟需","应用于"
"6亿美","域性碳捕集集 群建","应用于"
"亿美","域性碳捕集集 群建","应用于"
"法案》","集群化建设方面，美国","开发者"
"化建","化建设方面，美国《基","包含"
"产业","不仅进一步压缩了项目","应用于"
" 产业","不仅进一步压缩了项目","应用于"
" 产业","仅进一步压缩了项目的","合作伙伴"
" 产业","不仅进一步压","应用于"
"不仅进","仅进一步压缩了项目的","位于"
"不仅进一步压","仅进一步压缩了项目的","包含"
"范和","仅进一步压缩了项目的","应用于"
"设 。","景下","应用于"
"背景下","景下","开发者"
"背景下","景下，为","开发者"
"背景下","背景","应用于"
"我相","碳捕集与封存研究","应用于"
"我相","球碳捕集与封存研","应用于"
"碳捕集与封存研究所（","碳捕集与封存研究","开发者"
"备 。","球碳","应用于"
"备 。","球碳捕集与封存研","开发者"
"备 。","碳捕","应用于"
"球碳","球碳捕","合作伙伴"
"球碳","碳捕","包含"
"煤发电","第一","应用于"
"煤发电","第一代","开发者"
"煤发电","一代","应用于"
"集和封存","集和封存部署","包含"
"集和封存","集和封存部署路","包含"
"和封存","集和封存部署","合作伙伴"
"和封存","集和封存部署路","开发者"
"和封存","划、政","应用于"
"和封存","和封存部署路","开发者"
"和封存部","和封存部署路径","应用于"
"和封存部","封存部署路","应用于"
"和封存部","和封存部署路","开发者"
"部地 区，包括","地 区","开发者"
"部地 区，包括","新疆维吾尔族自治区","开发者"
"部地 区，包括","部地 区","开发者"
"常煤","地 区","开发者"
"路线图","油场地 的","应用于"
"附录2还显示了鄂尔多斯盆地","鄂尔多斯","包含"
"机会之一","机会","包含"
"2还显","2还显示了鄂尔多斯盆","包含"
"2还显","尔多斯盆","开发者"
"估覆盖整个鄂尔多","以及每年","应用于"
"两家大型国企与","以及每年","包含"
"估覆盖","以及每年","开发者"
"家大型国企与中","以及每年","应用于"
"家大型国企与中","家大型国企与","应用于"
"家大型国企与中","大型国企与中","开发者"
"家大型国企与","以及每年","开发者"
"大型国企与","以及每年","应用于"
"家大","以及每年","应用于"
"、政策","科学与技术部、","应用于"
"、政策","保部、国土资
源","位于"
"、政策","、环保部、国土资
源","应用于"
"保部、国","保部、国土资
源","开发者"
"中国东北的鄂尔多斯盆地","和松辽盆地","包含"
"中国东北的鄂尔多斯盆地","以及西部的塔里木盆地","包含"
"中国东北的鄂尔多斯盆地","都有适于CO2强化驱油的油田","包含"
"中国东北的鄂尔多斯盆地","鄂尔多斯","包含"
" 像许多其他正"," 随着项目的增多，成","包含"
"需要的"," 像许多其他正","开发者"
"需要的"," 随着项目的增多，成","应用于"
"应享有","论C","应用于"
"在碳银","碳银","位于"
"碳银","在碳银","包含"
"款给C","碳银","应用于"
"款给C","在碳银","应用于"
"银行模","在碳银","应用于"
"职责做","明，而且还需要尽早","应用于"
"职责做","管应实","开发者"
"职责做","管应实行环境","应用于"
"将碳","议将碳","包含"
"约束CO2的排","
参与早期的示范项","开发者"
"为了","为了激励国内","包含"
"为了","为了激励国内石油企","开发者"
"为了","激励国内石油企业
","合作伙伴"
"，而对","为了激励国内石油企","应用于"
"激励国内石油企业
","为了","应用于"
"小商业性缺 口","为了","应用于"
"存项","集与封存项目可","应用于"
"存项","目前国外典","应用于"
"这表明","现时储藏的原油","应用于"
"究估计， 如果","项目已","应用于"
"项目已经","项目已","位于"
"和其他工厂每年","其他工厂每年","应用于"
"同时还必须为上述项目","和东北部","投资方"
"还必须为上述项","上述项","开发者"
"石油公","上述项","应用于"
"国迈入","国迈入第","合作伙伴"
"和地区根据自身","示范项目","包含"
"和地区根据自身","的部署，并积极推进C","包含"
"英国、","的部署，并积极推进C","应用于"
"捕集能","目前","位于"
"捕集能","目前正在建设的设施开","包含"
"捕集能","目碳","应用于"
"捕集能","旦目前","应用于"
"集能","目前","应用于"
"网覆盖全盆地， ","覆盖全盆地， ","包含"
"盖全","盖全盆地， ","应用于"
"积极推","024 年底，吉林油","应用于"
"技术首次出","术首","合作伙伴"
"近年来，吉林油田","术首","应用于"
"驱动油田","吉林","包含"
" No","吸收法的燃","包含"
" No","1 规模","位于"
"本的","阶段国内电厂碳","应用于"
"阶段国内电厂碳","段国内电厂碳","包含"
"阶段国内电厂碳捕集项","阶段国内电厂碳","合作伙伴"
"成本的","阶段国内电厂碳","开发者"
"成本的","厂碳","合作伙伴"
"成本的","段国内电厂碳","开发者"
"成本的","段国内电厂","开发者"
"阶段国内电厂","阶段国内电厂碳","应用于"
"段国内电厂碳捕","段国内电厂碳","开发者"
"，结合","目附近无油田，无","开发者"
"近无油","无油","应用于"
"开发区","的落","应用于"
"的落","开发区","包含"
"“我 们与内蒙","与内蒙","包含"
"“我 们与内蒙","我 们与内蒙","开发者"
"自治区、","山西省、陕西","开发者"
"范工程","行业","开发者"
"范工程","河钢集团张家口张宣","开发者"
"范工程","业：","应用于"
"范工程","5 月，河钢集","应用于"
"行业","业的现","包含"
"行业","达20","开发者"
"捕集矿","球首套空","开发者"
"捕集矿","球首","开发者"
"捕集矿","首套空气","开发者"
"集矿","首套空气","合作伙伴"
"集矿","套空","开发者"
"气源碳捕集矿","首套空气","应用于"
"套空气源碳捕集矿","套空","开发者"
"建省地","建省地质调查研究院与","开发者"
"，福建省地","建省地","包含"
"，福建省地","福建省地","应用于"
"冰岛碳","，福建省地","开发者"
"，福建省地质","，福建省地","开发者"
"施碳捕集利用与封存","科研院所、行业协会、","包含"
"与封存","科研院所、行业协会、","应用于"
"与封存","一定程度","应用于"
"捕集利用与封存的项目","碳捕","合作伙伴"
"开展绿色低碳示范项目","科学技术厅山东省","位于"
"开展绿色低碳示范项目","发展和改革委员会山东省","位于"
"革委员","厅山","应用于"
"化碳捕","绿色低碳示范项目，","应用于"
"绿色","绿色低碳示范项目，","应用于"
"绿色","色低碳示范项目，","包含"
"理工学院发起成 ","立碳捕集与封","应用于"
"发展与项","发展与项目实","合作伙伴"
"发展与项","展与项","包含"
"术发展与项","术发展与项目实","应用于"
"术发展与项","发展与项目实","合作伙伴"
"发展与","展与","包含"
"发展与","发展与项目实","合作伙伴"
"发展与","展与项目实","应用于"
"于企","前我国在部分","应用于"
"前我国在部分","我国在部分","合作伙伴"
"的角度","前我国在部分","应用于"
"角度","前我国在部分","开发者"
"存潜力","前我国在部分","开发者"
"存潜力","我国在部分","应用于"
"存潜力","我国在部分碳","应用于"
"前我","前我国在部分","开发者"
"前我","我国在部分","应用于"
"潜力","前我国在部分","应用于"
"潜力","我国在部分","应用于"
"。  ","国在部分碳","开发者"
"9 。","ECC","开发者"
"9 。 ","ECC","应用于"
"为20","ECC","开发者"
"为209 。","ECC","应用于"
"09 。 ","ECC","应用于"
"为209 。 ","ECC","应用于"
"项目是","项目是国","位于"
"碳捕集率大于","碳捕集率","合作伙伴"
"碳捕集率大于90，","碳捕集率","包含"
"封存消纳率达到","碳捕集率","包含"
"业 。","的部署","应用于"
"业 。","捕集技术的部署","开发者"
"捕集技术的","捕集技术的部署","合作伙伴"
"集技术的","捕集技术的部署","应用于"
"捕集技","捕集技术的部署","应用于"
"捕集技","捕集技术是指现阶段已","位于"
"捕集技","代捕集技术是指现阶段","应用于"
"技术的部署仍面","技术的部署仍","应用于"
"技术的","技术的部署仍","应用于"
"集技术的部署仍","集技术的部署","位于"
"效益方","过来，高成本","开发者"
"效益方","过来，高成本
","应用于"
"效益方","过来，高成本
与高","开发者"
"效益方","过来","应用于"
"过来，高成本
与高","过来，高成本
","应用于"
"重申，","全球碳捕","应用于"
"捕集与封存研究所（G","捕集与封存研究所（","开发者"
"设，","22个项目","应用于"
"22个项目","22个项","开发者"
"22个项目","2个项","合作伙伴"
"22个项目","2个项目","包含"
"能力 ","22个项目","开发者"
"能力 ","2个项目","开发者"
"能力 ","22个项","开发者"
"2个项目","22个项目","应用于"
"2个项目每","2个项目","应用于"
"0 MtCO2","署路径预计将","包含"
"1）到","署路径预计将","应用于"
"等方面 。 基于国家","领域的试点项目正在","合作伙伴"
"、环","保部、国土资
源","合作伙伴"
"支持来","需要注意的是，其他C","应用于"
"支持来"," 需","合作伙伴"
" 需","形 成项","位于"
"都有适于CO2","、西北的准","应用于"
"都有适于CO2","选定和设","位于"
"试50","选定和设","应用于"
"求使用","此，对于前两个阶段的","应用于"
"竞争力","，对于前两个阶段的示","应用于"
"，对于前","，对于前两个阶段的示","包含"
"税收优","一替代","开发者"
"税收优","替代","开发者"
"税收优","一替代性的资金支","应用于"
"税收优","替代性的资金支持","应用于"
"税收优","替代性的资金支","开发者"
"税收优","代性的资金支","应用于"
"替代","代性的资金支","合作伙伴"
"替代","替代性的资金支","包含"
"技术风","捕集与封存项目需","开发者"
"技术风","捕集与封存项目需要","开发者"
"技术风","集与封存项目需要","应用于"
"与封存项目需要大","集与封存项目需要大","应用于"
"私人企","商业化示范和部署","开发者"
"私人企","业化示范和部署","开发者"
"私人企","业化示范和部署的","应用于"
"私人企","化示范和部署的","应用于"
"私人企","化示范和部署","开发者"
"商业","业化示范和部署","包含"
"商业","商业化示范和部署","合作伙伴"
"复杂性，私人企","化示范和部署的","应用于"
"复杂性，私人企","业化示范和部署的","开发者"
"业化","化示范和部署","合作伙伴"
"复杂性","化示范和部署的","合作伙伴"
"化示范","化示范和部署的","应用于"
"化示范","化示范和部署","应用于"
"其参与程度，以及","大限度地","应用于"
"其参与程度，以及","共部门的","包含"
"捕集与封存项目开","碳
捕集与封存项目开","开发者"
"。 随","碳
捕集与封存项目开","应用于"
"。 随","
捕集与封存项目开","应用于"
"。 随","国碳
捕集与封存项目","应用于"
"，在确","式与 项目","包含"
"，在确"," 项目","合作伙伴"
"，在确定不
再","式与 项目","应用于"
"式与 ","式与 项目","包含"
"与 ","与 项目","包含"
"一份单","审小组的指","应用于"
"份单","审小组的指","应用于"
"识体系","共和国（中国）面临","开发者"
"识体系","从工业工厂","开发者"
"识体系","从工业工厂的C","应用于"
"识体系","从工","开发者"
"从工业工厂的C","工业工厂的C","应用于"
"国有200","国有","应用于"
"带来","年美国有200多个","应用于"
"年美国有200多个","美国有200多个","开发者"
"府带来","年美国有200多个","开发者"
"府带来","美国有200多","应用于"
"国有200多个","国有2","开发者"
"国有200多个","美国有200多个","开发者"
"国有200多个","国有200多","包含"
"国有200多","有200多","包含"
"国有200多","美国有200多","位于"
"国有200多","国有200","包含"
" 像其他","期先行的CO2强化驱","应用于"
"于先","先征后返的增 值税和","合作伙伴"
"所发生","于先","应用于"
"聚焦盆地","东部的煤化工与油气田","包含"
"盆地东部的","地东部的","应用于"
"地东部的","盆地东部的","包含"
"盆地东部的煤化","地东部的","开发者"
"地东部的煤","东部的煤","包含"
"地东部的煤","地东部的","开发者"
"于Shapley"," 值 法的利","开发者"
"仍处于规划","， ","包含"
"大部分的项目仍处","大部分的项目仍","应用于"
"大部分的项目仍处","大部分","合作伙伴"
"大部分的项目仍","大部分","位于"
"道路上跑出","色叙","包含"
"道路上跑出","林日","应用于"
"林日报","林日","应用于"
"日报","林日","应用于"
"日报"," 作","包含"
"报/2","报/","包含"
"田的C","今的吉林油田CCUS","开发者"
"计可","帮助该油田提高采","合作伙伴"
"外的案例 ","油田","合作伙伴"
"外的案例 ","的案","包含"
"外的案例 ","024 年底，","应用于"
"外的案例 ","024 年底，吉林油","开发者"
"林油田"," “管道建成后，将实","应用于"
"，管"," “管道建成后，将实","应用于"
"
电厂等碳排放源与油","工程","开发者"
"、1 座","工程","应用于"
"、1","400 万吨 。 ”","合作伙伴"
"目碳用户","碳用户","包含"
"附近无","近无","开发者"
"附近无油","近无油","包含"
"海地区 二氧","要进行工程规","应用于"
"，将近海地区 二氧","封存经营者需要","应用于"
"经营者需要进","经营者需要","包含"
"经营者需要进","存经营者需要进","应用于"
"经营者需要","经营者需要进","位于"
"在此次服贸会亮相的零碳园区","方案馆呈现了零碳园区","包含"
"现了零","案馆呈现了零碳园","应用于"
"家中外企业","家中外企业在零碳园区","包含"
"材料公司等","次服","开发者"
"次服","材料公司等","合作伙伴"
"。 其","六个省","合作伙伴"
"省、山东","地为我国东","开发者"
"省、山东","地为我国","包含"
"省、山东"," 渤海湾盆地为我国东","应用于"
"省、山东省","地为我国东","包含"
"新能源部副总经","新能源部副总","开发者"
"相关术语","推广应 用","应用于"
"相关术语","推广应 ","开发者"
"项目建成后有望成为吉林省","吉林","包含"
"目建","吉林","包含"
" 与此","目建","开发者"
"成后","成后有","应用于"
"S 示范项目是","025 年3 月","包含"
"S 示","025 年3 月","应用于"
"S 示范项目是我","025 年3 月","开发者"
"注入","025 年3 月","应用于"
"将煤","及鄂尔多","包含"
"碳地质封存","将煤","开发者"
"目将煤","及鄂尔多","合作伙伴"
"煤化","及鄂尔多","合作伙伴"
"二氧化碳","煤化","应用于"
"势， ","挥中科院","开发者"
"势， ","动水泥生","开发者"
"水泥生","动水泥生","包含"
"动水泥生","材项目孵化器 ","包含"
"定风险，且","择合适的封存地点","合作伙伴"
"我国在部分碳利","我国在部分碳","位于"
"我国在部分碳利","国在部分碳","合作伙伴"
"氧有机","品 质波动","应用于"
"源化能源化利用","国家能源集团","合作伙伴"
"司50","国家能源集团","开发者"
"司50","而，由于该工","应用于"
"司50","于该工","应用于"
"司50","，由于该工","开发者"
"而，由于该工艺所","国家能源集团","合作伙伴"
"，由于该","，由于该工","包含"
"标，解","投产","应用于"
"标，解","目投产","开发者"
"标，解","万棵 。  冰山冷热","开发者"
"标，解","产后","应用于"
"投产后，可","万棵 。  冰山冷热","包含"
"目投产后，可","投产","合作伙伴"
"目投产后，可","万棵 。  冰山冷热","合作伙伴"
"海省西","海省西宁市三合镇的天","合作伙伴"
"藏主要分布于","尔多斯盆","应用于"
"藏主要分","尔多斯盆地","应用于"
"含油气","本的 C","开发者"
" C","的 C","应用于"
"鄂尔多斯 ","鄂尔多斯","合作伙伴"
"鄂尔多斯 ","鄂尔多","位于"
"家实验","国家重点实","应用于"
"碳领域未
","代产业学院和示范","应用于"
"建碳","代产业学院和示范","包含"
"二氧化碳捕集技","二氧化碳捕集技术总","合作伙伴"
"质量，"," 加强碳捕","应用于"
"方向","加强碳捕集设施","应用于"
" 积极","加强碳捕集设施","开发者"
" 积极","加强碳捕集设施的","应用于"
" 积极","强碳捕集设施的全","位于"
"发方向","强碳捕集设施的全","合作伙伴"
"中国碳","有CC","开发者"
"中国碳","下，","应用于"
"中国碳","CC","开发者"
"候变化","制定本路线图，","应用于"
" 路线","学以及大连理工","开发者"
"定本路","学以及大","开发者"
"定本路","大学以及大连理","位于"
"制定本","学以及大","包含"
"定本","学以及大","包含"
"定本","制定本路","应用于"
"大型碳","去的10年中，通过研","应用于"
"大型碳","的10年中，通过研","应用于"
"大型碳","
设试点项","位于"
"大型碳","研发、建
设试点项","应用于"
"大型碳","建
设试点项","合作伙伴"
"大型碳","过去","开发者"
"多亿元"," 三、十三五计划","开发者"
"多亿元"," 三、十三五计","合作伙伴"
"多亿元"," 三","开发者"
" 基","第十个五年计划（","应用于"
" 基","中在电力和煤化工领","应用于"
"第十个五年计划（","中在电力和煤化工领","包含"
"方面 ","第十个五年计划（","开发者"
"方面 ","中在电力和煤化工领","应用于"
"方面 ","十个五年计划（","应用于"
"在国内有中试项目，以","国内有中试项目，以","应用于"
"国内有中试项目，以","国内有中试项目，","应用于"
"CO2-强化驱油","项目拟从","开发者"
"CO2-强化驱油","2 ","应用于"
"估主要","估主要关注低成本机","开发者"
"估主要","项目拟从","应用于"
"估主要","还显示了","位于"
"主要","主要关","应用于"
"主要","主要关注","合作伙伴"
"主要","还显示了","开发者"
"主要关","还显示了","包含"
"每个碳捕集与封存项目","源部","投资方"
"每个碳捕集与封存项目","和工业和信息化部","投资方"
"监管框","土资
源部和工业","合作伙伴"
"监管框","、国土资
源部和工业","应用于"
"监管框","保部、","应用于"
"监管框","构成碳","合作伙伴"
"监管框","土资
","应用于"
"监管框","术部、","应用于"
"监管框","然构成","应用于"
"监管框","构成","包含"
"监管框","成碳捕集","应用于"
"个碳捕集与封存项目都","、国土资
源部和工业","位于"
"、国","、国土资
源部和工业","包含"
"、国","土资
源部和工业","包含"
"土资
源部和工业和","土资
源部和工业","应用于"
"保部","保部、","包含"
"保部、国土资
","保部、","应用于"
"保部、国土资
","土资
","位于"
"保部、国土资
","土资
源部和工业","开发者"
"术部、环保部、","保部、","开发者"
"，而碳","国西北和西部地","应用于"
"，而碳","北和西部地区的","应用于"
"国西北和西部地区的","国西北和西部地","合作伙伴"
"北和西部地区的","和西部地区的","包含"
"北和西部地区的水","北和西部地区的","开发者"
"尽早","碳捕集和封存项目的","应用于"
"且还需","碳捕集和封存项目的","开发者"
"且还需","本地","合作伙伴"
"且还需","地社区","开发者"
"且还需","社区","开发者"
"本地社","地社区","应用于"
"本地社","社区","合作伙伴"
"应主导","力的","应用于"
"将碳捕","碳捕","合作伙伴"
"030） 58 ","将碳捕","应用于"
"证体系； iii ","存认证","开发者"
"体系；","存认证","开发者"
"情况，","国家的特殊","应用于"
"情况，","国家的特殊情况，","应用于"
"也会","如研究院强","应用于"
"个可靠","如研究院强","开发者"
"成碳","构成碳","包含"
"监管框架","构成碳","合作伙伴"
"4 6","些安排","应用于"
"4 6","安排","开发者"
"些安","安排","合作伙伴"
"排的关键","排的关","合作伙伴"
"排的关键","的关键","开发者"
"排的关键","的关","合作伙伴"
"继续某","确定不
","开发者"
"继续某","这方面，中 国可以从","开发者"
"继续某","方面，","包含"
"年美国有2","美国有200多个","包含"
" 。 因","说，CO2强化驱油","包含"
"表明，中国
已","说，CO2强化驱油","开发者"
"其中 一些油田注","其中 一些油","包含"
"其中 一些油田注","其中 一些油田","开发者"
"其中 一些油田","其中 一些油","位于"
"强化驱油技术","其中 一些油田","开发者"
"集、利","运营方和石油公司都必","包含"
"集、利","的运","位于"
"集、利","将为碳捕","位于"
"集、利","为碳捕集","开发者"
"集、利","运营方","位于"
"集、利","其他许多正在推进碳捕","位于"
"捕集、","运营方和石油公司都必","开发者"
"捕集、","的运","开发者"
"捕集、","的运营方和石油公司都","开发者"
"捕集、","项目群","位于"
"捕集、","将为碳捕","开发者"
"捕集、","厂的","应用于"
"捕集、","厂的运营方和石","开发者"
"捕集、","运营方和石油公司都","应用于"
"捕集、","其他许多正在推进碳捕","开发者"
"捕集、","此举将为碳","位于"
"捕集、","举将为碳","应用于"
"捕集、利","运营方和石油公司都必","开发者"
"捕集、利","项目群","包含"
"集、","的运","开发者"
"集、","将为碳捕","开发者"
"集、","运营方","应用于"
"集、","其他许多正在推进碳捕","开发者"
"集、","他许多正在推进碳捕","开发者"
"集、","果中央政府能够","应用于"
"时还必须为上述","为上述","包含"
"公司几","时还必须为上述","应用于"
"必须为上述项目配","述项目","位于"
"必须为上述项目配","述项目配","包含"
"须为上述项目配","项目配","位于"
"须为上述项目配","述项目配","合作伙伴"
"述项目配备","述项目配","应用于"
"十个 ","当加强对项目的","开发者"
"十个 ","项目的","开发者"
"十个 ","强对项目的研究","开发者"
"十个 ","强对项目的","开发者"
"当加强对项目的","项目的","包含"
"当加强对项目的","强对项目的研究","应用于"
"成为全国乃","当加强对项目的","应用于"
"项目的","项目的建","合作伙伴"
"项目的","内蒙古","合作伙伴"
"强对项目的","强对项目的研究","应用于"
"强对项目的研","强对项目的","应用于"
"正在建","，50 个CC","应用于"
"正在建","，5","开发者"
"正在建","，50 个","开发者"
"正在建","50 个","开发者"
"正在建","1 ","合作伙伴"
"正在建","，50","应用于"
"正在建","50 ","应用于"
"，5","1 ","包含"
"，50 个","50 个","包含"
"正在建设","，50 个","应用于"
" 年，吉林石化-吉林"," 年，吉林石化","包含"
"025 年，吉林石"," 年，吉林石化","合作伙伴"
"025 "," 年，吉林石化","包含"
" 年，吉林石"," 年，吉林石化","开发者"
"入深部"," 年，吉林石化","应用于"
"段分布鲁棒优化模","中，任意n0 n","开发者"
"段分布鲁棒优化模","型，以及基于","合作伙伴"
"现阶段的各阶段项","现阶段的各阶段项目部","应用于"
"现阶段的各阶段项目","现阶段的各阶段项目部","应用于"
"，将实现吉林油田周边","条总长 约400","开发者"
"总长","春市","包含"
"条总长","春市","包含"
"； 如","于该项","应用于"
"分；夜","目碳用","应用于"
"落地","开发区","开发者"
"落地","经济技","包含"
"11 ","，反之可","应用于"
"电气集团以","电气集团以华","开发者"
"方电气集团以","电气集团以华","包含"
"集团以华能","集团以华","位于"
"集团以华能","电气集团以华","应用于"
"中国工程","中国工程院","投资方"
"工程院院士","程院院士","应用于"
"程院院士彭","工程院院士彭","应用于"
"工程院院士彭","程院院士彭","包含"
"1-","3-0","合作伙伴"
"省生态","和改","应用于"
"省生","和改","包含"
"和改革委员会福建省生","和改","合作伙伴"
"和信息化厅福建省发展","和改革委员会福建省生","位于"
"捕集利用与","碳捕集利用与","开发者"
"动制定二","技术要 市场监督","合作伙伴"
"动制","局国家发展","开发者"
"动制"," 动制定","应用于"
"动制定","动制","应用于"
"动制定","局国家发展","应用于"
"超前布局","生态环境部","合作伙伴"
"集利用与封","监管总局生","合作伙伴"
"前对于","有深","应用于"
"前对于","前对于CC","开发者"
"于CC","对于CC","开发者"
"对于CC","于CC","合作伙伴"
"规模","部分","开发者"
"分中国CCUS ","分中国CCUS","应用于"
"中国CCUS ","分中国CCUS ","应用于"
"中国CCUS ","中国CC","应用于"
"中国CCUS 项","中国CCUS ","应用于"
"捕集市","和天然气：石油和","位于"
"集市","和天然气：石油和","合作伙伴"
"
研究及示范项","苏泰州公司5","包含"
"与顿汉布什集团","核心企业烟台冰轮股份有限公司","合作伙伴"
"日本荏原制作所","合资成立“烟","包含"
"工业有","合资成立“烟","应用于"
"地和塔里木盆","鄂尔多斯","包含"
"地和塔里木盆","尔多斯盆","合作伙伴"
"地和塔里木盆","鄂尔多斯盆","包含"
"地和塔里木盆","尔多斯","包含"
"地和塔里木盆","鄂尔多斯盆地","包含"
"鄂尔多斯盆地","鄂尔多斯","包含"
"于鄂尔多斯盆地","鄂尔多斯","应用于"
"家能源集团鄂尔多斯","鄂尔多斯","开发者"
"家能源集团鄂尔多斯 ","鄂尔多斯","应用于"
"
来技术学","院和示范性能源学","开发者"
"院和示范性能源学","人才培养模式，鼓","开发者"
"院和示范性能源学","新人才培养模式，鼓","应用于"
"院和示范性能源学","院和示范性能","包含"
"院和示范性能源学","人才培养模式，鼓励高","应用于"
"设一","院和示范性能源学","应用于"
"统一市","游市场发展相对成熟；","应用于"
"可 部","过来，高成本
","合作伙伴"
"可 部","过来，高成本
与高","应用于"
"见与监测体系，建立项","键核心","包含"
"集关","焦碳捕","开发者"
"集关","碳捕","位于"
"集关","捕集","开发者"
"捕集关","碳捕","开发者"
"捕集关","焦碳捕","应用于"
"焦碳捕集关","碳捕","包含"
"焦碳捕集关","焦碳捕","合作伙伴"
"离出来，从而产"," 21 ","包含"
"离出来，从而产","术提供了难得的机会 ","包含"
"放量 ","术提供了难得的机会 ","应用于"
"计划期间","计划期间，","应用于"
"计划期间","计划期间，建","合作伙伴"
"计划期间","五计划期间，","应用于"
"计划期间","五计划期间，建","包含"
"计划期间","五计划期间","应用于"
"五计划期间","计划期间","包含"
"源及汇的地理位","初期，加","应用于"
"于这 ","初期，加","包含"
"，加之","东北部","包含"
"，加之","于这 些封存技术","应用于"
"，加之","于这 些封","开发者"
"，加之","封存的","包含"
"，加之","然，评估结果也表明中","应用于"
"封存技术","于这 些封存技术","应用于"
"封存技术","中国东","位于"
"封存技术"," 些","包含"
" 些","部、东","开发者"
" 些封存技术"," 些","包含"
" 些封"," 些","合作伙伴"
" 些封","中国东","包含"
" 些封"," 些封存技术目","应用于"
"些封"," 些","开发者"
"些封","中国东部、","包含"
"些封","些封存技术目","包含"
"术部、","土资
源部和工业","位于"
"术部、环保部、国土","土资
源部和工业","应用于"
"结合的","三五计划期","开发者"
"结合的","五计划期间","应用于"
"结合的","计划期间，","应用于"
"结合的","计划期间","应用于"
"结合的","五计划期间，","应用于"
"计划期间，","五计划期间","开发者"
"计划期间，","计划期间","开发者"
"计划期间，","计划期间，建","包含"
"计划期间，","划期间，建","合作伙伴"
"计划期间，建","计划期间，","开发者"
"五计划期间，","五计划期间","合作伙伴"
"五计划期间，","计划期间","包含"
"2-E","OR","应用于"
"盆地都有适于C","7 选定","位于"
"盆地都有适于C","的鄂尔多斯盆地和松辽","包含"
"置优先试点","7 选定","包含"
"地尝试","的鄂尔多斯盆地和松辽","开发者"
"地尝试","盆地、西北","应用于"
"地尝试","7 选定","应用于"
"盆地、西北","7 选定","包含"
"区还集","有计","包含"
"有计划地","区还集","开发者"
"计划地","有计","开发者"
"范项目","的核准条件以便项","开发者"
"范项目","的核准条件以便项目","应用于"
"范项目","对相关监管部门的角","应用于"
"范项目","相关监管部门的角","合作伙伴"
"对相关监管部门的角","相关监管部门的角","包含"
"，从而","政府和","应用于"
"要 ","政府和","包含"
"目管理部门应该及","政府和","应用于"
"。 在"," 随着行","应用于"
"。 先","此同时，需要","应用于"
"。 先","时，需要","应用于"
"。 先行","同时，需要","应用于"
" 。 先","时，需要","合作伙伴"
"早期CCS项目","内蒙古","位于"
"建设更广泛","设更","包含"
"当考虑","，用于","开发者"
"期CC","，用于","应用于"
"项目时，政府应当考虑","，用于","开发者"
"CS项目","，用于","开发者"
"业不会","知技术风","开发者"
"业不会","技术风","应用于"
"业不会","术风","应用于"
"知技","知技术风","应用于"
" 因而，有","一些","位于"
"这表明，中国
","们都已","开发者"
"这表明，中国
","们都已进入成熟期，","应用于"
"们都已进入成熟期，","们都已","包含"
"中国东北部地区","中国东北部地区的鄂尔多斯盆地","包含"
"中国东北部地区","鄂尔多斯","包含"
"中国东北部地区的鄂尔多斯盆地","鄂尔多斯","包含"
"国东北部地区的鄂","尔多斯盆","合作伙伴"
"都具有适合于C","尔多斯盆","应用于"
"东北部地区的鄂","尔多斯盆","开发者"
"都具","尔多斯盆","应用于"
"都具","尔多斯盆地","应用于"
"本和C","业的现","开发者"
"本和C","气行业的现","开发者"
"EOR项目","在碳源条件良好的老油田部","投资方"
"EOR项目","在碳源条件良好的老油田","位于"
"实现","碳源","应用于"
"尔多斯盆地已","尔多斯盆","应用于"
"尔多斯盆地已","多斯盆","位于"
"多斯盆地已","多斯盆","包含"
"多斯盆地已率","多斯盆","开发者"
"多斯盆地已率","多斯盆地已率先","应用于"
"斯盆地已","多斯盆","应用于"
"地已","多斯盆","包含"
"地已","多斯盆地已","开发者"
"斯盆地已率","多斯盆地已率先","包含"
"匹配性","噶尔盆地的碳","开发者"
"模 化","部以油田内","开发者"
"主， ","部以油田内","应用于"
"总体","总体而","应用于"
"模型的计","个模型的计","应用于"
"个模型的计","模型的计","包含"
"个模型的计","两个模型的计","应用于"
"公开数","个模型的计","开发者"
"模型的计算","个模型的计算","应用于"
"模型的","本节将根据各技术方案","应用于"
"本节将根","本节将根据各技术方案","应用于"
"节将根","本节将根据各技术方案","应用于"
"通过这","批试","包含"
"认定","内蒙","包含"
"清华大学在","清华大学","位于"
"清华大学在","华大学在","包含"
"华大学在","清华大学在","应用于"
"华大学在","华大学在化","包含"
"华大学在化","华大学在","位于"
"任务：","息化","开发者"
"任务：","业和信","开发者"
"任务：","业和","应用于"
"与绿氢","持内蒙","应用于"
"施碳捕","目，所在地及周边应具","位于"
"集利用与封存的项","目，所在地及周边应具","包含"
"对加装","施碳","开发者"
"力度 ","励金融机构为绿色低碳","应用于"
"、利","励金融机构为","应用于"
"、利","捕集","包含"
"、利","为碳捕集","包含"
"、利","运营方","应用于"
"融机构为绿","金融机构为绿","包含"
"金融机构为绿","融机构为绿","包含"
"金融机构为绿","融产品供给力","包含"
"融产","融产品供给力","应用于"
"融产","金融机构为绿","开发者"
"融产","融产品","合作伙伴"
"化的综","碳纯度达到","应用于"
"的综","碳纯度达到","应用于"
"年碳","利用
研究及示","合作伙伴"
"J/t","项目是国","应用于"
"J/t","项目","开发者"
"收剂","项目","开发者"
"27GJ/t","项目","应用于"
"该项","该项目","包含"
"来二氧化碳场地","的土壤退化，","包含"
"等，是","的土壤退化，","应用于"
"国青海省西","宁市三","包含"
"国青海省西","国青海省西宁市三","开发者"
"国青海省西","青海省西","包含"
"国油田主","CO2 ","包含"
"国油田主","鄂尔多斯","包含"
"多斯盆地、 ","CO2 ","包含"
"油田主","多斯盆地、 ","包含"
"油田主","和准噶尔盆地","合作伙伴"
"田主要","CO2 ","开发者"
"田主要集中于","田主要集中于松辽盆","应用于"
"吨CO2 。 ","田主要","应用于"
"部咸水层的C","部咸水","开发者"
"部咸水层的C","深部咸水","应用于"
"部咸水层的C","部咸","合作伙伴"
"咸水层的CO","部咸水层的CO","应用于"
"大于","西、内","合作伙伴"
"各地区","要结合区","包含"
"各地区","等区","包含"
"带、黄河流域和国家生","结合区域","包含"
"带、黄河流域和国家生","区要结合区域","应用于"
"带、黄河流域和国家生","带、黄","开发者"
"带、黄河流域和国家生","区要结合","应用于"
"区要结合区域","带、黄河流域和国家生","合作伙伴"
"区要","带、黄河流域和国家生","合作伙伴"
"区要","区要结合区域","应用于"
"湾区等","区要结合区域","应用于"
"区要结合","要结合","包含"
"区要结合","要结合区域","合作伙伴"
"结合","要结合","位于"
"结合","区要结合","开发者"
"带、","区要结合","应用于"
"型 。 长江经济 ","要结合","开发者"
"S商业","游市","应用于"
"S商业","市场","应用于"
"目是","捕集与封存示范和部署","应用于"
"nt）","捕集与封存示范和部署","包含"
"nt）","nd","位于"
"nt）","发展","包含"
"nt）","集与封存示范和部署路","应用于"
"t）","捕集与封存示范和部署","开发者"
"封存基","全球","应用于"
" 
 对第一代碳捕","厂CCUS项目的激励","包含"
"S项目","厂CCUS项目的激励","应用于"
"出第二"," 对","开发者"
"及CO","第十个五年计划（2","应用于"
"转化与","个五年计划（2","包含"
"十个","十个五","位于"
"十个","十个五年计划（","应用于"
"十个","个五年计划（2","包含"
"十个五","十个五年计划（","合作伙伴"
"。 火"," 火电厂开始建设前大","包含"
"可以作为参","批程序类","包含"
"期示范","五计划期","应用于"
"0项碳","三五计划期","应用于"
"三五计划期间","三五计划期","合作伙伴"
"划期间，","计划期间，建","开发者"
"划期间，","计划期间，","开发者"
"划期间，","划期间，建","开发者"
"划期间，建","计划期间，","应用于"
"东北的鄂尔多斯盆地和","尔多斯盆地","开发者"
"东北的鄂尔多斯盆地和","尔多斯盆","合作伙伴"
"国东北的鄂尔多斯盆地","尔多斯盆","包含"
"行业布局的","津冀地区、长江三","合作伙伴"
"江三","津冀地区、长江三","应用于"
"而对于","参与早期的示范项目","应用于"
"而对于","激励国内石油企业
参","应用于"
"激励","激励国内石油企业
参","包含"
"架，为","在商业化示范和部","开发者"
"足和稳定的法律","在商业化示范和部署","应用于"
"素的不","此，中国","位于"
"着碳捕集与","碳捕集与封存项目的商","应用于"
"与封存项目的商业","集与封存项目的商业","包含"
"、四川盆地和鄂","四川盆地","位于"
"、四川盆地和鄂","、四川盆地","应用于"
"， 油","以油田内部","开发者"
"， 油","部则以来自新疆地区内","包含"
" 西部坳"," 针对巨厚砾岩油气","开发者"
" 针对巨厚砾岩油气"," 针对","包含"
" 针对巨厚砾岩油气","针对巨厚砾岩油气","合作伙伴"
" 针对巨厚砾岩油气","针对","合作伙伴"
" 针对巨厚砾岩油气","围绕 西部坳","合作伙伴"
" 针对巨厚砾岩油气"," 针对巨厚砾岩油气藏","包含"
" 针对巨厚砾岩油气","针对巨厚砾岩油气藏","合作伙伴"
" 针","针对","合作伙伴"
" 针"," 针对巨厚砾岩油气","应用于"
" 针"," 针对","包含"
" 针"," 针对巨","应用于"
" 针","针对巨厚砾岩油气","包含"
"针对巨厚砾岩油气","针对巨厚砾岩油气藏","开发者"
"针对巨厚砾岩油气","针对","位于"
"针对巨厚砾岩油气"," 针对巨厚砾岩油气","应用于"
" 针对巨厚砾岩油气藏","针对巨厚砾岩油气藏","包含"
"日报/","日报","应用于"
"日报/"," 作","包含"
" 从30 ","业链","包含"
"链CC","能源转型舞
","应用于"
"述工作为","述工作为后续CC","应用于"
"工作为后","工作为","位于"
"工作为","作为","包含"
"作为后","作为后续CC","应用于"
"碳捕集装置","碳捕集装置的","合作伙伴"
"碳捕集装置","碳捕集装置的气","包含"
"若能","若能成功","包含"
"建立的二","定的二","合作伙伴"
"二氧","存技术方","开发者"
"项 ","存技术方","包含"
"了我国二氧","项 ","开发者"
"项 目"," 目","合作伙伴"
"级的","的指导意见》《工","包含"
"升级","的指导意见》《工","开发者"
"升级的","的指导意见》《工","开发者"
"升级的","的指导意见》《工业和","合作伙伴"
" 公厅"," 公","包含"
"铁行","5 ","合作伙伴"
"目每","原初","包含"
" 具有每年10","原初","应用于"
" 具有","原初","开发者"
"林油田建成","林油","应用于"
"林油田建","林油","应用于"
"油田建成","油田建成了","开发者"
"油田建成","油田","合作伙伴"
"油田建","油田建成","应用于"
"展改革委科技部工业和","改革委科技部工业","应用于"
"发债企","关上市公司和","应用于"
"市公司和发债","上市公司和发债","应用于"
"市公司和发","市公司和发债","开发者"
"市公司和发","上市公司和发","包含"
"公司和发","上市公司和发","应用于"
"行业）","集技术的部署仍","应用于"
"术的部署仍面临","术的部署仍","开发者"
"术的部署仍面","术的部署仍","包含"
"技术的部署仍面临","术的部署仍","应用于"
"响因素包含技术","术的成本发展","包含"
"在很大","术的成本发展","应用于"
"企业部","，碳捕集技术的成本","开发者"
"企业部","碳捕集技术的成本","合作伙伴"
"，碳","，碳捕集技术的成本","包含"
"高碳捕","重视加强海外组专","应用于"
"高碳捕","加强海外组专","应用于"
"高碳捕","重视加强海外组专利","应用于"
"高碳捕","重视","包含"
"重视","加强海外组专","包含"
"重视加","加强海外组专","合作伙伴"
"临诸多","CS-EOR项","应用于"
"高（","CS-EOR项","应用于"
"化、齐","CS-EO","应用于"
"化、齐","S-EO","应用于"
"S-","CS-EO","应用于"
"S-","-EO","应用于"
"S-","CS-","应用于"
"S-","S-EO","包含"
"2）到","020 Mt","应用于"
"十个五年计划（2","十个五年计划（","合作伙伴"
"一直致力于碳","第十个五年计划（","应用于"
"一直致","十个五年计划（","应用于"
"捕集与封存试点项目的","于国家科学技术计划的","应用于"
"国大多数","国大","包含"
"分注入","分注","包含"
"分注入的CO","分注入","合作伙伴"
"分注入的CO","分注","包含"
"，目前 油气田","前 油气田","应用于"
"，目前 油气田特","前 油气田","合作伙伴"
"项目拟","供在鄂尔","开发者"
"目拟从","供在鄂尔","位于"
"捕集C","供在鄂尔","开发者"
"目拟从煤化工厂 捕集","供在鄂尔","开发者"
"存项目的核准条","形 成项","应用于"
"以及","目的核准条件以便项","应用于"
"需要对","需要对相关监管部门的","应用于"
"了激","激励国内石油企业","合作伙伴"
"激励国内石油企业","了激励国内石油企业","应用于"
"励国内石油企业
","国内石油企业
参","包含"
"政策 ","将其与","开发者"
"政策 ","其与","合作伙伴"
"政策 ","过将其与","应用于"
"政策 。","过将其与","应用于"
"择示","示范项目时","包含"
"，为","然构成","应用于"
"8 上述估计将为整体","估计将为","包含"
"8 上述估计将为整体","8 上述估计将为","包含"
"对工厂","8 上述估计","开发者"
"对工厂"," 上述估计","应用于"
"对工厂的"," 上述估计","开发者"
"对工厂的","上述估计","合作伙伴"
" 上述估计","上述估计","包含"
"上述估计"," 上述估计","开发者"
"而，有必","2强化驱油技术是最","包含"
"田不适合CO","而，所取","包含"
"部和东北部地区的一","部和东北部地区","开发者"
" 第一个","集和封存","包含"
" 持","目开","应用于"
"争 。","目开","开发者"
"当地社区参与碳捕集与封存项目","当地社区","位于"
"，建","地社区参","应用于"
"，建","社区参与","应用于"
"家和美","地社区参","开发者"
"家和美","社区参与","位于"
"家和美","社区参","应用于"
"家和美","地社区参与","应用于"
"地社区参与","社区参与","包含"
"用技","用技术 已","包含"
"）10","盆地东部","开发者"
"）10","盆地东部的","应用于"
"）10","地东部的煤","应用于"
"盆地东","盆地东部","应用于"
"地东部的煤化","东部的煤化","位于"
"、规模最大的二","内运输 距离最长、","应用于"
"益于国外在CC","于国外在CC","合作伙伴"
"益于国外在CC","于国外在","包含"
"on ","于国外在CC","应用于"
"on ","于国外在","开发者"
"on ","益于国外在","开发者"
"on ","益于国外在CC","开发者"
"国外在CC","于国外在CC","开发者"
"国外在CC","外在CC","应用于"
"项目、","球范","开发者"
"范围","范围内","开发者"
"范围","范围内已有","合作伙伴"
"范围内","围内已有","包含"
"现协","来，CC","开发者"
"来，CC","，CC","包含"
"来，CC","现协","包含"
"，CC","来，CC","开发者"
" 渤海湾盆"," 渤海湾盆地为我国东","包含"
" 渤海湾盆"," 渤海湾盆地为我国","合作伙伴"
" 渤海湾盆地为我"," 渤海湾盆地为我国","包含"
"国能集团在煤耦合生物质发电试点项目","国能集团","投资方"
"能集团在","能集团在煤","应用于"
"团在煤耦","在煤耦","开发者"
"团在煤耦","团在煤","合作伙伴"
"能源系统50","能源系统","包含"
" 80 。","能源系统","包含"
"团以华能","气集团以华能","开发者"
"气集团以华能","团以华能","包含"
"、山西省、陕","达20","开发者"
"0 。 ","达20","应用于"
"古自治区、山西省、陕","达20","位于"
"子行","达20","应用于"
"个煤电","项目的","应用于"
"个煤电","目的建","应用于"
"个煤电","的建","应用于"
"项目的建","项目的","应用于"
"集利用与","碳捕集利用与","应用于"
"集利用与","碳捕","合作伙伴"
"集利用与","局碳捕集利用与","应用于"
"集利用与","碳捕集","包含"
"集利用与","碳捕集利用","开发者"
"利用与","碳捕集","包含"
"利用与","碳捕","应用于"
"家发展改革委","生态环境部","开发者"
"展改革委 市场","改革委 市场","位于"
"部分中国CC","分中国CC","合作伙伴"
"分中国CC","中国CC","开发者"
"二氧化碳流量是影响碳","分中国CC","应用于"
"中国CC","分中国CC","开发者"
"前我国在部分碳利用技","前我国在部分","应用于"
"前我国在部分碳利用技","我国在部分","应用于"
"的角度看不","前我国在部分","开发者"
"中国石油集团","现该部","合作伙伴"
"油集团国家","石油集团国家","开发者"
"油集团国家","集团国家高","包含"
"油集团国家","集团国家","合作伙伴"
"油集团国家","油集团国家高","包含"
"石油集团国家","油集团国家","包含"
"油集团国","石油集团国家","开发者"
"油集团国","油集团国家","开发者"
"亚洲最大火电二氧化碳捕集项目","江苏泰州公司","投资方"
"研究及","洲最","应用于"
"万吨","最大","应用于"
"万吨/年碳","最大","开发者"
"万吨/","最大","应用于"
"  国","些项目的","开发者"
"  国","的运营","应用于"
"项目的运","项目的","位于"
"建设大型碳","的10年中，通过研","合作伙伴"
"具有","10年中，通过研","应用于"
" 截至2014","目的投资","包含"
"于国家科学技术计","目的投资","包含"
"目的投资一直","目的投资","包含"
"分，我","力行","应用于"
"力行","议将碳","应用于"
"省内C","和 山西的燃煤电厂","应用于"
"燃煤","和 山西的燃煤电厂","应用于"
"目还将评","鄂尔多斯","应用于"
"目还","鄂尔多斯","包含"
"还将评","鄂尔多斯","包含"
"还将评 ","鄂尔多斯","包含"
"评 ","鄂尔多斯","合作伙伴"
"化部都","保部、国土资
源","应用于"
"化部都","科学与技术部、","开发者"
"保部、国土资
源部","保部、国土资
源","应用于"
"科学与技术部、环","科学与技术部、","开发者"
" 36 虽","类法规缺失可","应用于"
" 36","类法规缺失可","开发者"
"引发对","类法规缺失可","开发者"
"引发对","法规","位于"
"引发对","法规缺失可","合作伙伴"
"法规缺失","法规","包含"
"、利用","为碳捕集","位于"
"被广泛","有上述三个组成部分","开发者"
"被广泛","上述三个组成部分是","开发者"
"被广泛","三个组成部分是","应用于"
"被广泛","上述三个组成部分","应用于"
"有上述三个组成部分","上述三个组成部分","包含"
"上述三个组成部分是","述三个组成部分是","应用于"
"上述三个组成部分是","上述三个组成部分","应用于"
"述三个组成部分是","上述三个组成部分是","应用于"
"三个","三个组成部分是","合作伙伴"
"述三个","三个组成部分是","包含"
"述三个","述三个组成部分是相","应用于"
"述三个","述三个组成部分是","包含"
"述三个组成部分是相","述三个组成部分是","合作伙伴"
"述三个组成部分是相","三个组成部分是","开发者"
"述三个组成部分是相","三个组成部分是相","包含"
"述三","述三个组成部分是","应用于"
"述三","三个组成部分是","包含"
"，为即","框架，为即将推
广的","开发者"
"，为即","商业化示范和部署","开发者"
"，为即","化示范和部署的","应用于"
"美国能源部的贷款担保计划","美国能源部","投资方"
"国能源部的贷","国能源部的","合作伙伴"
"能源部的贷","国能源部的","应用于"
"厂的","的运营方和石油公司都","合作伙伴"
"样的项","中国","应用于"
"
体优化调度和内","部利润分配两","开发者"
"
体优化调度和内","这两个模型的","应用于"
"
体优化调度和内","这两个模型","应用于"
"这两个模型的","这两","位于"
"这两个","这两","开发者"
"离的两","这两","应用于"
"最初的实验室","防腐防气","位于"
"最初的实验室模拟，到","最初的实验室模","应用于"
"最初的实验室模拟，到","如今","包含"
"如今的吉","如今","应用于"
"走进吉林油田","吉林","包含"
"进吉林油田的","质高","包含"
"林油田的CC","油田的CC","合作伙伴"
"林油田的CC","油田的C","合作伙伴"
"油田的CC","油田的C","合作伙伴"
"油田的CC","油田","包含"
"架 ","于国外在CC","应用于"
"海电 ","个煤电万吨级吸附","应用于"
"江公司","捕集项目","开发者"
"江公司","集项目","应用于"
"集团浙江公司","集项目","位于"
"；碳捕","究结","开发者"
"关数","相关数","合作伙伴"
"与本","岛外建设同样规","应用于"
"岛外建设同样规","外建设同样规","包含"
"高昂的","目附近","开发者"
" 必","目附近","应用于"
"CO2","1 ","开发者"
"集能力","目碳","开发者"
"目碳捕集能力","目碳","合作伙伴"
"目碳捕集能","目碳","开发者"
"经济技","开发区","位于"
"目的落","开发区","包含"
"案馆呈现","在零碳园区方案馆呈现","应用于"
"贸会亮相的","贸会亮相","应用于"
"贸会亮相的","会亮相","合作伙伴"
"会亮相的","贸会亮相","位于"
"会亮相的","贸会亮相的","开发者"
"但华东大部分区","域与华南地区","包含"
"华东大部分区域","华东大部分","开发者"
"于近","华东大部分","应用于"
"的不同","在部分碳利","开发者"
"部分碳利用","部分碳利","应用于"
"技术发展与项目实际情","况上看，中国的","合作伙伴"
"根据国家统计局","现该部","合作伙伴"
"家统计局数","家统计局数据","开发者"
"家统","家统计局数据","合作伙伴"
"目投产后，可实","二氧化碳","包含"
"国深部咸水层的","O2 封存","包含"
"国已投运项目多","国已投运项目多数","合作伙伴"
"个 新","国已投运项目多","应用于"
"个 新","国已投运项目多数","开发者"
"个 新","已投运项目多","应用于"
"个 新","已投","开发者"
"已投运项目多","已投","位于"
"已投","国已投","开发者"
"已投","投运项目多数","包含"
"已投","已投运项目多数","开发者"
"投运项目多数","已投运项目多数","应用于"
"投运项目多数","投运项目多","开发者"
"已投运项目多数","投运项目多数","合作伙伴"
"投运项","投运项目多","应用于"
" 自2","  三、十三五计划","应用于"
"一直","期碳","位于"
"国政府","期碳","开发者"
"国政府","捕
集与封存示范项目","合作伙伴"
"国政府","期碳捕","开发者"
"期碳捕
集","期碳","包含"
"捕
集与封存示范项目","期碳","合作伙伴"
"捕
集","期碳捕","应用于"
"捕
集","碳捕","开发者"
"国家科","中 在","开发者"
"国家科","项目，开","包含"
"国家科学","中 在","合作伙伴"
"全部采用了CO2","0 作","应用于"
"全部采用了CO2","。 附录","包含"
"的碳捕","0 作为路","开发者"
"地不"," 捕集C","位于"
"发改委、国家能源局","和工业和信息化部","位于"
"然缺乏","央政府能够","合作伙伴"
"存技术","果每个项目平","开发者"
"存技术","每个项目平","应用于"
"果每个项目平","每个项目平","合作伙伴"
"
集","每个项目平","应用于"
"个项目平均捕","个项目平","应用于"
"个项目平均","个项目平","合作伙伴"
"着行业","江三角洲地区和珠","合作伙伴"
"厂和"," 此举将为碳捕集","应用于"
"有上述三个组成部分是","上述三个组成部分","包含"
"2强化","O2强化","包含"
"大型的","O2强化","应用于"
"2强化驱","O2强化","开发者"
"的办法","国家","应用于"
"投资项目 ","发投资项目 ","合作伙伴"
"CCS","旦目前正在建","应用于"
"与准东地区","新疆油田","包含"
"疆油田的电","油田的电","合作伙伴"
"田的","油田的电","应用于"
"油田的","油田的电","开发者"
"疆油田的","油田的电","包含"
"林油田CC","林油","包含"
"林油田CC","林油田","包含"
"林油田CC","吉林油田CC","开发者"
"林油田CC","的吉林油田CC","应用于"
"林油田CC","油田CC","包含"
"吉林油田CC","林油田CC","位于"
"介质，","林油","包含"
"介质，","林油田的CC","应用于"
"进吉林油田的C","林油","位于"
"吉林油田的C","林油","合作伙伴"
"林油田的","林油田","位于"
"林油田的","林油","开发者"
"林油田的C","林油田","包含"
"林油田的C","林油田的CC","包含"
"林油田的C","油田的CC","包含"
"林油田的C","油田","合作伙伴"
"藏 。 ","林油田","应用于"
"油田的C","油田的CC","位于"
"油田的C","油田","包含"
"印尼佳","‘三低’","包含"
"吉林油田‘","林油","合作伙伴"
"印尼佳布油田与吉","林油","包含"
"吸附法","“高效煤电CCU","应用于"
"吸附法","集团浙江","合作伙伴"
"成为我","重要","应用于"
"的落地","内蒙古","位于"
"以实现协","以实现","应用于"
"》《","《工业和信息化","应用于"
"和碳捕","供给力","合作伙伴"
"的财政","的财","包含"
"立针","江省","合作伙伴"
"立针对CC","圳、浙 江省","包含"
"立针对CC","圳、浙 江","开发者"
"US 的部","圳、浙 江","开发者"
"进行","一代捕集技术是","开发者"
"进行","一代捕集技术是指现阶","开发者"
"进行","一代","合作伙伴"
"一代捕集技","一代","包含"
"代捕集技","捕集技术是指现阶段已","包含"
"集团核","集团核心","合作伙伴"
"集团核心","轮集团核心","应用于"
"团核","团核心","开发者"
"轮集团工","评第五批国家","包含"
"轮集团工","评第","合作伙伴"
"轮集团工","轮集团工业设计中心获","开发者"
"团工业设计中心获评第","团工业","合作伙伴"
"部环境风 险主要是指","局部地区","包含"
"局部地区","部环境风 ","应用于"
"局部地区","部环","开发者"
"施城市节能降碳","排放","包含"
"新人","院和示范性能源学","包含"
"新人","新人才培养模式，鼓","应用于"
"新人才培养模式，鼓","院和示范性能","包含"
"励高","院和示范性能","开发者"
"家科技部指导","家科技部指","包含"
"科技部指导","科技部指","开发者"
"科技部指导下，企、","科技部指","应用于"
"术、CO2-强化","学以及大连理工大","合作伙伴"
"型、碳","学以及大连理工大","应用于"
"型、碳","大学以及大连理","开发者"
"型、碳","制定本路","应用于"
"型、碳","学以及大","开发者"
"过去","建
设试点项","包含"
"项目还将","宁夏和 山西的燃","合作伙伴"
"项目还将","鄂尔多斯","包含"
"都有","尔多斯盆","合作伙伴"
"通过有计划","通过有计划地设置上述地区","位于"
"通过有计划","为优先区","位于"
"通过有计划地设置上述地区","为优先区","包含"
"有计划地设置上述","述地","合作伙伴"
"有计划地设置上述","有计划地设置上述地","应用于"
"有计划地设置","述地","包含"
"计划地设置上述地区为","述地","应用于"
"计划地设置上述地区为","有计划地设置上述地","应用于"
"有计划","有计划地设置","合作伙伴"
"关注商业示范项目","以及具有推广","应用于"
"地区和珠江三角洲","地区","包含"
" 此举","存示范项","应用于"
" 此举","和珠","应用于"
" 此举","示范项","应用于"
" 此举","中期内，这些地区将","应用于"
" 此举将","存示范项","应用于"
"和珠江","和珠","开发者"
"和珠江三角洲","中期内，这些地区将","合作伙伴"
"和珠江三角洲","和珠","合作伙伴"
"方通常","捕集与封存项目需","开发者"
"方通常","集与封存项目需","应用于"
"通常","捕集与封存项目需","应用于"
"通常","集与封存项目需要","应用于"
"常将","集与封存项目需要大","应用于"
"实体提供足够的","值链的每个组成部分","应用于"
"要充足","要充","开发者"
"于一些油田来说","们都已进入成熟期，","应用于"
"于一些油田来说","们都已","开发者"
"还必须为上述项目","述项目","开发者"
"必须为上述项目","述项目","开发者"
"必须为上述项目","述项目配","应用于"
"国东北部地区的","尔多斯盆","开发者"
"CO2强化驱 油作业","尔多斯盆","应用于"
"北部地区的鄂","尔多斯盆","包含"
"北部地区的","尔多斯盆","包含"
"价值等于项目","税金及附加根据财政部","投资方"
"金及附","金及附加根据财政部和","开发者"
"项目来","DAS）等技术43（","应用于"
"国外","国外典","开发者"
"岩油气"," 针对巨厚砾岩油气","应用于"
"岩油气"," 针对巨厚砾岩油气藏","开发者"
" 西","针对巨厚砾岩油气","开发者"
"Shapley ","外，联盟中的","应用于"
"联盟中的成员i ","外，联盟中的成员i ","应用于"
"从松辽盆地","驱动油田","包含"
"从松辽盆地","吉林","包含"
"而是
","”，而是
驱动油田焕","应用于"
"松辽盆地的","林油","应用于"
"松辽盆地的","辽盆地的","包含"
"辽盆地的","林油","包含"
"辽盆地的","盆地的","包含"
"盆地的","辽盆地的","应用于"
"作为","作为后","合作伙伴"
"为后续","为后","位于"
"运行阶","了全","开发者"
"运行阶","面评估","开发者"
"面评","面评估","开发者"
"学中国能","中国能","包含"
